1	7e10898d654e2af47d08544f	a6b9ff2980b0d598a0561467dd76dd6f
2	23bd9f9e838f1ab0a75a1635	8d40bf495f786e3fe5d80f196afafe03
3	d7c30c6663e21516697eccbe	cc161f860ea50cd05122bb5b18a67519
4	2a852e9a92e9eaa47e50bbb4	38fea3129908ac10bb971ff7ac3d18e5
5	fd63be2fe5603f7a96e7f397	cc6d477c06f495c8d4c98001fe680e9c
6	c358e5053b87adc095c84543	8c9e27099736e89f7c976283e901c77b
7	5c134ce49b377c0cf379dec3	959cf89c5057b7de8689fada2d46672a
8	7ecb51fc49e2c301d449a223	37d30b266604b6cfcc19315b87c8b13c
9	6638b36243f0caca67f4b0fe	26591a83caf14a7b06bdf9823d7470a4
10	0c0096b7330261b2c9da3f15	d10da962ddea2b56c3c81bf1c9f8c4e3
11	51ac37c0786c2c67a580ccfc	c006b1e670e5b6c4beef056146989e5f
12	2c25f37f600821a695c344f2	7180837db31c9fa3f74c40fef74c15b2
13	f0f0531f0777aea1aad837c3	97d26cac8a1ed95c85d47db5eafa3aab
14	48c2bd51a5969ed8f9d720b7	370e186e722b084f078421c708803a45
15	d9467c97c5131e719c944e05	7ec6d6bc49488df06c84571c37ae8bf4
16	8c6eb44c893d37eebd3cfd81	72aea1e860c7251c2c15138d9f1219e1
17	b7a1100b1896d485263dc4a9	4395f1c50c1772aecda925facb45826e
18	b378245204a1224ef4a6c835	65a1ac0174f4bb5fcba37ec8a0f0168a
19	e05a60de31ac1576cbf00403	e70b61c46b1c62ae3eddaeb755ffb73d
20	37798134ed5d4e70da497a47	3916979f9020acb5d8cc8e08c26ef213
21	0ea06bbf756a6c4238b7d5b9	330148c68eb4a1e16c366d15dfa0e48e
22	68360c9eac583cab05f74409	e8c92b42e1f3087f631b44b0ceceb991
23	d1f26da454878b67f3d5da97	9225ba19190ae38f718b196db17b9120
24	208d99115787a1c0184f71f7	d541f2720ddc3009aadc4b9b855da6d4
25	11b01aef60ca1765eb4de302	209bba9cdaa1259d7a5f5b70def3aa9c
26	2bee8541af744d678b611d2f	f334569981d6cf73d81e387155f52a4e
27	b7f72e003d2558aa49135e54	4501f6cb39fbbc4da958484b643050c0
28	cebbe3c2da564501bf01655c	9a89eb32dcb976d7b9d745a7d01d8368
29	d8a0a13938d7e1372610549d	4830fd7e401bfa1d57c2035f9557a4b0
30	1da3b3421213da612308f32c	252529926c62f9c338c150e7ded85b03
31	0b3d216ae4b7581e3c849501	de6efce116a01477fb99f072fcf298f0
32	55e210270be96c0d0ddbfdcf	ef009a3186a7109d8584ce7d4dd8213f
33	485b242c9ffdd6407a523066	ac27ce25a866c8010eec47417200927c
34	78234bcfa2db5a49a570dc80	081c1096db0724a0ed77a035d56133a0
35	829d5cd058b505af3b4e7936	f40b54a8ce8b3281e7a0429311381754
36	53e467c8b6d0b272ecebf4b7	d7878d8eda34baee2ba5847e4069516c
37	38f2acf85295aaabe1bc60c4	388fd665d2982be197b4937300ed588a
38	8310b872edb56e7355881ddf	7a5a84de31454fc778959c4b788b84b2
39	d20b11f1ef8d13236af07738	e9661f534ec2c5886dda0553067e2781
40	d36e6ec2a1bd5144e8824d7c	28ba8c4eaab02ea4ae3ad40a19be6509
41	7037e83e61c698b376a59bbd	5878233152e97dd6b866eecb018a3ad9
42	3b17c1dba78bcf9579bad026	f78bbb47c591ccbed2f92edfee45eb68
43	dd946588152be4d0643bd160	8edcfcd4d0191fa0c42371cc2410ffb3
44	d55cd783cf2c789655da67ee	71c7212526b5a316dde83ef0368b7b84
45	08ba59caab1fd64e8ab535a9	968e1d26ce5db794b0a590b8550cbb39
46	8db5698f27a52165761add00	664ca986caf2029efd0721bb5dcf2c18
47	c998370c42e4971b72c8e4fc	87833efa2710e91771733ecb0bfa741d
48	43b773e57d4ede5652d753de	4b74bebc62d8315c3d17e0d7d5ce3a22
49	6b027e66502514bcbce32349	9640af1628e66c55767f307a4660a9b5
50	1f67474e8b2585b5b2429aff	41dd39a92ad904cd6ea57e6ff1848cf9
51	a76652cf38a2c3916fd26aab	a60c9d25575eb386c2b28fe4f9802602
52	50a760c319715aa3b8f518ee	db6c1038babfa1134cf939219e93559e
53	35f271b7c43baf8b9aa0edaa	ae291b83e491771954cf54a47de2cf89
54	c0b90eef1613d94b8f94ff5f	490285384f30ce3e62ff67c2854ae4f0
55	b463f650a6e2b6a376aa4cee	705b64028c35cdf663756d3f14ab3d4f
56	e46e05a4f1bab93ccd753bfe	12f0d53198d8edd7b00f36023f95288c
57	5dc5c3baabe893a67340bb13	b1513d696cc2a99bcbcfea65b37c8a2d
58	5e3a7331a94f0def0933ac20	0f82613af22c6511d150b4cf403b03fe
59	55301c06d3c8a8ff360f7360	8d2727da94ca29a707733fc8c1ac9ae2
60	7d73a07359d9a3597f70b47d	d6216c7b561d7b04ea612f6b3a299f6a
61	fd5c37bdabda1e16b51d6446	46f743c9b6af9547ae41a49a1b39fbe3
62	7d96ce3de1e4f19d941fdc9a	35f89fb052491ed8e31e972471b60fbf
63	31ac9c34c04d17d71c698336	01bad584675b3957d64f63d1a2458001
64	06da13d4689dc6514a9892d8	470d34ac90933ebbdd2d7167b3213cc3
65	57697260a46611aa02c236b9	017fbf070d1c2d6ce73f633681cad55c
66	c205a3c9009ef6b0b4a024fd	398d636bb642d09212fdaf36e5730e3f
67	a15e258bab397b87119cd433	7006009a9863d48e25ed4413f765c0db
68	3b6ef0f2aa07f915b71ba423	b87370db86354f95d5300aaa25157303
69	f2c8ac887fb71e161a5f4feb	460ea2997c6204582b8bb5d90e8d3d29
70	911f6f3b3a796ceb90339d09	6128bbf4575186c0703bcc490fdad457
71	61ab99265926b6f50640808f	7f3041f86b9aa5c6dd8b857863c8990b
72	fbe4add08ec7b03957c33b1e	bd5f8b605f947ef424cfc94c58844f44
73	d59780dda0d92f102e7d8caa	3ce15f03c205d81269a3ba57c2847ab2
74	3075e97cf0f4be7bd7ed343f	1794db07939f08ca7a2119b8d2f60a46
75	de423eceb69a3c78583b17af	79e2e887f6e6ab4164685a9d87f38f00
76	be72b335ada9216be7a0e004	47d71bf00414f50db1212826eb83919d
77	412890addb284315de36a946	2e99677d8129d2ddf7f621ec79953507
78	ed361f2b3c17f8bacb11bff4	014ac61950d2573975f2eead3c8e63f0
79	1dc663ba4a151d52c1d5d4c5	af711170cc192350c950273e7b1c12ec
80	f37c2cde6c764645e31f49d0	fa8e1458055dd800a22f969bbf0db4a1
81	13757dc6329071f522176d3d	c89a04252c5b3a2af75dd6826d86994f
82	ac5f1c1accadd12fb903db8f	f589d784fcf4373897eb096ed0d3638d
83	0b20b3937c8410196d354c39	68134c4390bdc6cf0e0a3fe3dc1f14bc
84	9bc5ed27ee23fee31f991f88	3de6f0a014d86a449e3b8ec8fedfc904
85	03df5193ab247f460aecf630	b8154369486abd28e4e08be32b527b7a
86	4adc8d5302ab4d6d247f1f03	e0443326b45deb99d7b3f4b8a93d50cb
87	3e66bf33ed7940f33ca6b0e9	dcb23be4907629c43aa3c4d3b1b7c633
88	7e5e319a3c87cc20702040bd	63903c6fe6c392a9e1de82ca841cbbc4
89	945486203ead0e9757670299	49b1f15fa9b930f6042f2ebb936fe0c0
90	80727f1b0f7c94af5aa96e6e	7830326dc4765412dab002ebc23a7c5f
91	2cc9172daf324c97f64f4bbd	58f07cc6e38c3a5d74c2f78c5e3f7001
92	eaae16b51791d69e85e7fb53	428bf150108de71c0f4c6ea0b5224dd3
93	a4b4b0a29ba1a778cb21c91b	379451d3bf0cbf40572aa3da8d84cf78
94	bfa38e90ec005a5f9960e0ec	262a80b60b836183bbdb6406cefd4577
95	d0bebe4d258c331c4abf46cd	8f765d19d81c9f22fab69fc2722afd5e
96	ffc9735d57ecedb1876cc07d	c2689220bf4b4e76d32aec2ddff5f5db
97	df4f0cfd88d5c8be55e78249	26a339208550c11cb351101675f4eadd
98	171e3213108fa1812dded9fb	413d49567af481d3ca1747434adf55e9
99	ffc18893baa476dc75a23f87	9bcdc82bd8571d7ea8fdef04c22e9d2f
100	8e220c8bcbe6c72f1fd964c2	d2d823451c9c819d3d112826f64728e8
101	6f5927cdbf5af53a9b0d15aa	5bec1e779497af752b08105dcb343a64
102	77a92b508fea45a834f50da8	f1e79026079c1cb083c309d3f181ec62
103	b3e86da0af1e88417c2696f9	6f4e8f14ac03b40a8795a7c8471999e3
104	829615feb227fc2a4763c896	e4560e180be3f869dcf4bdd1da04c08a
105	5c75ffd433de412bd4566c98	7fa4d54ebe03500e3ed0f8c4d4f62ff0
106	a20a31352b6aa104baf97185	b17d11b3bc40f3866cb86b9fde938334
107	74d3640bd50d749d59eb3a19	ec345992cff5363a1701c9d34259af7c
108	de5b57722c033b990bafadf8	8c1df96f166647713e2f01e9d6684d76
109	f6bc3db3264d5ca12b2c7d78	2ca55b3d7d1e49c820bd09ea99e00098
110	794764c3188656ffc9991f4b	97c88fa65bd410c7f1c8d2afa5c9c932
111	98b82ae7545216f5a0bca4ba	10da6e57e20b015a392fb1b35b03f03c
112	060cb7a21ded37e74b7cdefb	8c8137da717dec617f49163cbfa759d9
113	6b69764108a8330cfecb48f9	711d7a8330d51abaa3271ba42bc63570
114	b6d2c06b05fa5eb8375abfa0	f512c2c92c867a8a4808108b8918b40b
115	6dabef3b99986c197d69f21a	62f0cbdb860d83068b318f5c738b9f97
116	429a0c416114d7638f1f19f7	90fcf78146353655b56217838645c669
117	86ea4ee8474022820b7a4de1	f16ac4ceac1a298c2ef24a25a50feadf
118	345613522ad40d851b1f9323	a2f4e89a5e649dc2eebe12d545d83ceb
119	d091ed4ec57abe92a7a6bb38	5cb79a4dc2f57168f808ee6deb374142
120	c65c8104655826295d0605a8	7a56b276cb9aa7dc3945e820c6628466
121	db65831cdb260ea144528563	2a511ea6a6f8b503daab467bc157d884
122	be1b74b3b2a53c2ab7e860a2	6cb27df79bef17adb7679e1be18b8a40
123	7783fa48585b2a701efbb546	35deb760f4924246787b0723cd4bfd09
124	bffa0c89584453c99390c289	d737ad30dbe80fd64da9a4d12ece71a7
125	4df2b15e46f7c5a236c177e4	4aaa4321f01952098e3d5697c35c8bd0
126	6a4f7ba51081edf073a04346	1ae79611c201ecb3df3d5da5ed82c7de
127	10c5a680cf9195218551b261	5f67f97a77f1f75cba541dd030d96235
128	01ac712a5e9f0a406631f293	9f75efd7a6fa5ab8366d8dd6ade42491
129	ce2250ea0d865c755f12434a	543958ad255fc9266dd74b6042d4d89a
130	8b4bf5c3532bbf6516eb1c50	955cb33cdccaeae8f7063f026d34722e
131	645a4665fcd00f088a9421cd	c9cdf726927f9e613d2a50d44461b6b6
132	82b661b8e4cc6a20a36ff189	634117c4d06c560f823a2eb630b2bfbd
133	63373e3936d6d7e22701d93a	cf7422cc6d696fedd06babaeaa37db5b
134	a95686470b8a522cfd6083aa	b046f23e26bc3dc189839c08b801f3b7
135	7644ff2abba952f03a4101bb	7bbf117ca28be15ff1878b0ea8102b55
136	64450db56674c4c2135eb7d6	22009c9a089cb3ccfd8935f4d0d127be
137	656320f2169ccaad393d015e	32d88726a2dbe140a55293858d45da74
138	31e0a804c873646b79b9b30e	9e538fc46657cbb6c2c5687f543d7f4a
139	d21b67b4091bb897290a2d18	f4567e5adff4b00d41a38d2cba046d16
140	384890c5e2c427984395cb55	1807af4c236fd712d11217f3dd588c08
141	029f498c60b17886b4a51055	bb73d18ad5847aed0193ab31b78f47ec
142	1009a4b3084111383f1d9181	3433ef3208bb26cf842c8a021a5305ee
143	f07034d55abf509a639dc622	1490b5189a8d4605aee3e9d532ae2852
144	30b97e7fae158a070b5f45cb	9bd314e5bec8bf98169d341ac129b835
145	bed21a9699047c074c375eb2	eee81eea4bd180ab5bc1104e50979ca9
146	2b02a2a3be06893e061b3a83	84a2a5f2ca996fc0adb15e5234b977c4
147	a891dc8da8b39ac8eb580388	eda8af98a118d785239b548de228566d
148	0f9419be58cb37179e2fe3b7	5cfb0ac37dba3811f48886d707175d12
149	acc036d7c25c2f3c49cd7b5e	934afd9929c2e79100b6c5458cc6726d
150	6d73ace0d632e67670594915	a31b41c45675fa7e16e61cb3657eb222
151	564ed241e870fe099ba9ef85	9720c2c6fc4b92530e13df0383ae9b1c
152	968256b30c7161c2b083eb9b	e7127067f41b40e5890f334d6f0da3c8
153	7e49c5e6c9c667b79cfb78a5	40b4f2e3fef1d7560c821b3b0ea25432
154	66c355578b596cb9bddb3efa	3eaad104c572d9c528224458e0fbb684
155	56ff287e1f804ba1d494d6f3	1a915cfd8d3d44125f5dacec81a4f7d6
156	0e0055d36136b73a654c9bdc	3c9e895f05b934fc709320ed06233e2e
157	7b17c3cd3b3cf2d9714c92c1	932cdb8ca5d56b6e02e53a8b286efad1
158	5b1f75e5ddf09fed366fd478	5143f0c15250452075cab3e3a9ccebac
159	b05f19a985e70593e5b72608	ca814a3635c28f471e550bc84a9201a6
160	74bc46e7bd6c5669147826b3	82a397ae1fc6142654a384fef92f7365
161	fa6c7d0d1cdefeaa6a936414	e022813cf09981c395b9b66ccdd66584
162	d549312188d87ef465f7623c	dafe1c8746534dbfef9014a5da6d06c4
163	45946a78d02e5868eaf6a794	7d3b4847b07ac8e00169d143c7edd2d9
164	570813267d0f1e7956463e08	1b25f80c4e40ad11f6d87149b15631e0
165	e213899d971dc4f96b3669b3	6f1dd469db97e823d22daa8de82b45e8
166	57667b4d2d0df74e749ea598	081e993426c2430be6cdc9e9beb0b1f0
167	ca3de18ef7c7dd8c857bef7b	039a1c10d8a71d16e75acbb333da4568
168	cfaa57b63fd4531c4705bb32	2ce0e34bac476f412ec8979dc17a52bc
169	e78f2daa278ca34171f7f1a9	91f2f7b09b70232866408f03c4da0f4a
170	eacc39e4eddc286f3bc96830	887a12395e360b20148d45bb7be394e1
171	e971f6104a23e5cd58fc9e96	9f69f78bf60cd537ab311067b2b550a0
172	42d5c1b356f385765827d93b	78af813037c7c3e982a410fee012afcd
173	1626234b8f2d9bded6dcaa76	98024f7c0f15317fd81504ac7f7c0435
174	56394ffdeedf3c5d8ba60764	3c19992ff9cfec9e8c33b2e88ba84d0a
175	2a7c38761bd2f9e777b47248	7df97f9d59fceca8f4c15b8a8ed88017
176	2501d8154f848628c2a60d57	42bad8b54367ef790609d8ed34be91a0
177	c31f1a0fabae62f0febe4a81	5121a04a54cf89340b6771c6d31165da
178	4417dfe52a1ddb135bffcba6	2e8b3e37828276065f209e0069e34859
179	5af0c26582668a02b2181b16	69e47cc83b258b1263c7f7f330380dfd
180	da7be53f88dd88145b3ca97b	04d16e11fbcde493f5d8fefec2e42a64
181	90b95eb6022d74d0a52b0b97	92472db9e2f636cd1ef6521f86a0a83c
182	475b7dad378d13bc7dd9fd15	5662d9b942408c15a685a1042160274c
183	8d033951a7b9c1b00831d41f	9ada1ed650dc66e04ad47ada97ac626e
184	001d5e26e456a114b30a4e36	42f2511200772592b39801e39150c059
185	45e80238014b3e8daf84b67b	55ee41bec10cb3adfe2b2c9538766ae8
186	3dfaa860d4872f80db04fe86	eed9044da31c956eee82c884f7ba81b3
187	57a5581373ced7d2338a05f6	d7c77e5fb212c4f97f54944cba28ad96
188	786d772a517f1892e3067fa6	d5cf9bb04cc01cdd431d8d01c488715a
189	b951a5eb4f4e592302b8899e	19ab76e93d7a78ac08ca6d583af03133
190	7e99f739ab30c74759b6ab0b	8f9b51f1cbb0278a9cd8674fba439ba4
191	8a10e17217f9c03458355b51	80e34e85d1a32971a5425d532779f47a
192	8d545b59317f72fb6c4a7bae	fcf10513b62c1888a9b6656a8017e3fa
193	0e5ba317e20848c3a84636dc	09a4372df1ba1a3535bf3b43447bffe6
194	0e7b20feda9683e151201d3f	bf5dae6c408b8bc1eb59f9acf597c725
195	6a5c640f79a3256cb2d55fb7	a7d504547ebf3cda2884b368d98aefa4
196	f4648d8820bfc073b13b0218	952acc163bed45a7317a93bcad51b0dd
197	85973590de402fa2dced7912	4b4983c2285a1977a980e8afee130d28
198	a7f0d21ad1c478e9e0262cbb	2f35a8e5059d41110d7a45baa2871dc2
199	09f73219d6d716f46545b8c3	e41f92c7d7dc93e5c2e63a75cb25999a
200	7f5d94b108d0b6022f6292ef	997e16d7e62c723bd260985052798987
201	5bef678a712a72704ceec8ee	21f635bf820239eab080c60ece54d9c7
202	a09ed74b6802207cb787534c	d86ca7c6955b5926f093cd9737f6c4b0
203	0d0f0b51f6baebc1f164b9f7	faaa615db6802e0bbc7d49f1744faf8e
204	ea0ccd12c8acea2a5d8530e4	9ac917303f0a8e826be41cc76656bd19
205	9d705bcf4521025a43c90694	4ccc4850026a9e730d2e1a2b6155507a
207	8132b8ba7abce8c5899fb5ef	ef270fab8bc73800154d6a53111d26f0
208	ecdc4562051a3626a8089a99	39c183498b0b21f19fcfdc3c066c6f54
209	31dd3405dc03106d9917c4b5	ee8beff467fb27c553ec98c140c1a69d
210	26a4dd8d0aba93ea6cf4c7c9	7ffa843edd6453dc0e20b3f2c8b295c8
211	59f52138a2842836993d7e0c	4fa83ebc00b0994a1abd31436ad0375a
212	01f03ba1963c4bd80a8c0d8a	02595682b07878c9d6a25fe9eb14b415
213	ec8a4f40ef519b4ef034403e	0682d10906db0c894c6432b9f5d0732b
214	454c7ba46754701d641b018f	1d2444469f22f33afce2e9b2c81ef3c8
216	539f403aedce6788973cdf8d	742e771249871a714c618b60b3d6f0de
217	24d863b7594c5a14fb77b732	859c4273fd8729b8130cb5ff0661860f
218	f0f9936f5dd2d06d05f1f96c	6498f7ad0bfec2585f0a285c71ff6be7
219	b0c24b85569b144a7f169171	419aa4272310d77e28b1ee75e70e6449
220	ef319ee26c604c15f0775d5a	f7dd2c780977ee881c0a12963349badf
222	145c3b8ee31c8144505e5a8a	406b9f6cccf84bedbf8950a3f131ecd5
223	4700de374f237aa55e528722	4ccdeb3b05935456710e3fc6421fcbed
224	5dff731c2482340b6bbd1c20	a1421a7bd58a76b3375b47162aa194c0
225	92a6e791f8cf048eb7870772	4ad0ca913161c0ffc8ab159fcf83d17e
226	257cff8dcc88a7601472f520	0af63831803d42eed252da40425e4e06
227	e45d41a32999ffee3e5c5032	e2926359e27430ecaf4be235e98ad6e8
228	6b80018b86a88e5ccfcda367	7412af8c3f7e1b6cbf93938e277445f2
229	132f721f7fcb36ecd98ca0d7	a3979a8d0bb91a9efde416e12142d054
231	a70322f0bbef7dc86cffb4ef	dce62e876c1bba074c11ea1f7bcdff58
232	7579cbc5bf3bd4e726e5f683	baef46bfb244195cacb3368cb0975fab
233	c1943ac5076cac1772510b8f	cd8e8e2742f072d4298bb764d9f38e0b
235	a39113c095dc6e2fd9190d8f	5ac2fba70f10c719f2cd6cd1f0a218d3
236	1419c8fb7edeb09be1afb9fb	af80bb9790e7b2d90a401b77dac95825
237	b703942cdc562cd578679187	11bae24923825a9da83c74020325d727
238	f10605d5c051912976d9574e	d032e4bcac039ed6e7c434796aaf44c5
239	b89382ff096a1fcac28f8f7a	c64c37a0025b02c8e4f00b006446a670
240	b4c4d5a0ec61429e21b1020b	c183d6c50c608296ea19bce84da799a1
241	201da972a964c1ca2ffcdcb5	9d9ac31acf329bcfe041c71487e1b2c7
242	81aa427fb91744a8167635a9	655f59317374d667675aa9b9a3d13bca
247	2a2f756c1fa48f474f953407	32dc647468c84979b9cc7d92405fd448
248	d001f8fa5c27325b5f624df1	ac84104b2b36e55a0f61997e3b5ca2c0
249	fc423ad385fa88d5b21ec98b	f4b55a8d358f4005e65e83b944a55528
250	04d53e47153d4c2a91643aa2	27b5bcff477c3d8aff889cd778d9a7d9
251	7bb8d19f69fa2f08b6831a6b	dd08fcc4cf2c0054979b48daba755b2f
252	36b7b7dddc9b55406e64071d	2785731920791c4792a31b31802af6e4
253	540214bbcc77fcbdd7c4b0ed	dd04a564dc32e366fff882acb79abd75
254	90e83ceb24b798ce015d35d9	8123500e69b18a119a91a753e71967ca
255	fca693f5913f1b58919c0d59	6ca0ffe538fa8fc12cca13e703a9555c
256	98eda6e34af8824b97e91e54	c6dcddcb23674a359ea7d66f0333b74e
257	3c61bc0c97fedcd2215d4d60	2af578d991630328752a014f903df53b
258	6ee85455d57b03ce20bccd2e	3bf34a95c3dc797450d0eaeda27c578f
259	d40ac8473e3efa239c4b631d	058f4349b8097c638f8745a42fc2c72f
260	d8e89433ffa652f141ffd205	e779066285048e507cf09523e9136f22
261	5cf617b72a4ea160cb0e18e7	79092029eda62209b7d352160c58aa59
269	54ef43491769fbb58f41ce61	67def13440fb149a3848196c847e780e
270	f595508431a6ceaf609aceac	e332b596e2832238ddd7be8069dfa55b
271	a7d1a7944f0d172f0e73bbda	f15b4f17312f4afd2943bddfa95338e0
272	19a1b5f9ecc23cc7dad1727f	2acc6414ebfc32767fb1d9d275ea9ea1
273	5637cad4f7824e7e50eea158	9d7423df9822ae3bdec89ae1290ec149
274	ef4cd680147d44a0414bf296	95ec71b4fc3874176982f6ef05dc4e75
275	41d6a28173390150ef8a98b8	d646545ef87f17dce4e75ecb9761ca16
276	91d07bd4b2bd7649e4e37172	36debe2d8329bd5877f890fdc6c10c81
277	1e89e557e957be1a22e5e196	ecb1ccaec80c301f311dcf4849a30357
278	84d7a4dcd3d5c68b44e4169f	5001741285ba2f33001d17e031083f60
280	3a5965180e52cea7837df96f	5bda2cc8727d49cbef1fefa7cb8f74ac
281	035b9a24bf1d746fe9d0a9df	32b1832fe8c290b9cffe74d2a2e1b8dc
282	a10d70878f4c8235bc735f23	40ad53fe1fc55f55e01651fb87677413
283	fc4ae34c52d185e104b66f1e	5704ea2fa4a9b43776b01631488ccd92
284	faf6174ac397aa4fbca5635e	5d494f83967ff227053b96062d42559b
285	546be663f9eedcd55acca7bc	77e5b6f33bd916d407390b84b3ec0e65
286	a340531378b6dffa9b6de5fe	43e022f8277242bdeff39d28068ee9de
287	4bdef4927a325b16097a9679	c26559821fe8115fa67e166e3c23fc4f
288	dabd5aba7b738a7c52dd04a7	585aa02c2b560120ce5183e4c07de502
289	0b4f58e9a43cc462876be2a4	b1a5274520f92b1cce09df6627eba8b5
290	549f40d13432dcc419a2843a	9b5e1c7ce14802be8998b1f20b086d09
291	17b29ac0aa5e1d5daa6199e6	9ae502b93d6a9cc9f7df22814b959b7d
292	b0dce0a6b337162c6005c3b2	84a136b6fcf65623fb62949ef8d474ff
293	aea347d4ffa016f07bdf5b6d	54feae1256445c36e64b225425a52ffd
294	6cc7c6ef7f7b806949035138	7bcd8ee40705cebc00133ee27d504c1e
295	109b4bff589a8fbc57b95a4f	16dbc4086f253169566d5867be01d1e5
296	aeb53e2b139f7974322d0c54	4b0b3793967b9613ba17b8f6c2e2b5b5
297	cfb783fe426b139f2198eb95	96ac24c8c6b9312700a45543850ed60e
298	df71926021cf706618a6815f	a3dd29eb3eee0822b5720b6154c685c4
299	f9f7a649318a050d0cf9c32e	9e0671625d15b6fd6054ba4ad3351a5a
300	2dd572d79ded9cbdbfd38067	65daf82265b93fbd73f150772eeaf654
301	7aed7bc5160362350656a15d	070eac42c80c11d9c7f343236e2f29f6
302	1695c122d30a0a0de30c2800	0cee410fdc8a1941897063a149f692b4
303	cd494953aa0c30083f0899dd	a78308625760270e2c5d9118e33df6cb
304	184109a1fac97672ff9dec2c	71723ab6c3df02218a00208ccf0b0a52
305	81f1d8e6d1f5404485ba514c	983376928c5570b9e920e00c024f52e0
306	4e324b174390aefb3424d455	5179ca0f644f2c72cb872e52bc6c0ea8
307	87cc4e5c6518012340650dc5	34f3e78fe030e72c20e2b41a6f5277ea
308	32433dbf12a7c240427dc984	d683bbcd6100da1a3e99d9ad03c97613
309	70c9557e4b7163a585aa514c	674002f4472675baec2df5164f3952c6
310	cf12836966d1fb7009876e1a	b47c9cb7275d4270a68e6d307b62614e
311	6918c8704d85024cfe3ae6e3	249e7cb2321aaabd152a43e29ea92cbd
312	af800ed6eb29829cd0b8eba1	18327c14360ae5051f6e3bebc36f38a3
313	288ab38afc08465eaec068fa	912edafdab287f607f050c85120ec450
314	241b83957fb361d2f20b0217	e04e08bef3c7d1831abadf2a54920b6d
315	77abb5c909870884e5ac2921	9a34a42f0668bebd9c3f7c9286e0aabe
317	40316bec8b96a9a5b0c5e77d	cc11f53cb654ad86ee22eee6548d9a71
318	733a34e38c41550bcad66553	d4a73324fce2c68d1f4f47b153e5c83d
319	0339f9ab8d7d742ede79c31f	4ca894a5527b75fb1783e0163cc7d65b
321	873253308b35504a80c5b119	754eb29bae0ef4875e30857d0b4a8b3c
322	e5dc5fe3647108ae73704ff2	76527ce6d89dc324ec51b7a374c84421
323	0d38daf82a0af945d4a1b4d7	c2ca38d214ccb7025375aef2fc478417
324	d257fb36498e53ab33208d57	c0e2b1ed5eeeb8a19486b6ae741398ba
325	567fe55cdf94ec29d58a9f72	5d666f6b33827bb9eac0a2e5dbe071d2
326	49187e083da2b54e18b7a487	6d2b2fff09106c708277a89a410cd57b
328	0784ecd451ca653223554d76	dec3805f8af56abc07a97414cb358701
329	b3eb132b6dcb7571c9865e6d	2f873767db75019855cfc4ee45fcec6d
330	d39c3abfd788c0db9b4f3093	42498b5fa368f65308ce9dcb18bb53b1
331	1b3435c0ae251239852cb3cb	43d530cee32711fc763535160a773c74
332	3aab4fa5fcec359c63757719	029da259d1b22c1f7834fcb6dbd29d12
333	4fdc732bd305cceced2ec665	76ac5b26588168c030c4bda69683bb29
334	c0496adfa5cc3d33ed27cc25	d7b70e229d7b82c1c7e8637a477f9f81
335	f9e9005bdd00f6dfa3d965f0	9041971ef5e13bf48cfabf272f37947f
336	6e69738c96b347d402834ef5	212271d14556e26211c78b11d1e64479
337	baa305403330bf767dc59543	9e6bec1863f24f9a45e728946c0a8d10
338	77e60ee43750c81bc2fb070f	06b882657028bf9468fa4c4e91fb2142
339	bcfacab651227e3bf76083bb	4a2ebb94029807401d8106099d50bb13
341	9ecc301d91e2a7d09c23bfe3	be3f72b6425fcb5d1884f2148122e562
342	4a94d6c4cbbac0253688a4e4	0ea8b0700b2a709d53a38e9b7eb70ff5
343	83166fb82f4b9183c1345c3f	401ec705e2ba186cdfcba5e8fd61452f
344	1fd8775476f9a552f716c6d2	c4ae2c54878af915af30f585f983b4ec
345	19f9a6bca1980758af354aa4	4bfeb598b9d7ad966879bb18f6e580a8
346	37a84dfc2f2385865147e999	3d320a08b6126aae5ea0f7e19e8ae534
347	25aa2074549dea08daff3ba7	801fc0685e9948a24cb60c6d42975f7c
348	6b53a79570a7f441e89409cf	2be58d82ae6dc38c56f058676386f1ad
349	d13b2edc03f45a8249b52069	282d4bfbeef3e5db61377454a99dfa8c
350	105abd6e4bee07c6c3bc05d1	e623eb209df44f2ce8fa433fdb6a962e
351	5945904d1893f09c090aacd7	3068005739e17fb7795927a0e2e2a91d
354	ceda100d7585857ae4cf8013	be2133b1129dbf091aef5c6028d7ba9f
355	4c44a4eb2b48cc353bc127c1	405a8c94257df20e50df4d5d9322c7cc
358	fc54c1df3b758dfb39a960b1	486117afebad9d6951439e811afc445d
359	4a942363372b70e93e4f8810	a1b9508c04727df3233989eaaaeec7e3
360	3f42ad077a554be6c9821fb7	9edbe85d269df8a8475c034f0f5dbb1a
362	b284008f45e88c56895f283d	16061a6c6ce866f1d62df32542d206b9
363	d523a5bf3362698c2e67857e	965b26add1b0fc7eae9ed842cc535e23
364	098031728c4a6706f600f764	5fc011ed27dffb6b818893664943f1f2
365	e778814d11a21352d8e8155d	f97b806fc56a9c5f48177579afcc0a60
366	1b67334a396712fc2b40511d	709376b5d0efa415acdc3c248206a486
367	7a406e76821975ad93cc76f8	f6ac4e90754fcd8a2c3fff1ed19abfa4
368	fa48d4dc059d384ac7199ca7	3ef5b25148f49abfbdabb9a2f7647cc2
369	a2f5a1aa239ab09a574ba9f1	42081d7c615dd7829bc778369c9232ce
370	474a42102c00b5c1a2ce8c90	ab0f48733c9edae4d27ce852df84197c
371	e2287158925527da83e93bdb	5302bb8df81c7734c2e101c321616137
372	532f814544e9395804ba9ced	3b16a74fa3ee4aac4023c77e1ddc7eb2
373	6fd271d82675102b04997f32	b8d1fe7aff013705d7d8729b39e5de02
374	99e8eb6d34ecea2f2fb7e137	55cadf3e0ff5c0905e91b2aa6cd39a3f
375	c6312743e522825b79d03904	c4f733fa7194a4b1f2ea15eecca37203
376	ec24cc93c252542a6c613626	c4fc1a8b6a659c6d8d02fb83f7a742a2
377	2f9d544f223de2d99b27b469	6e1eaab3daed10f01d9cbaf242cd6980
378	f26e8db429c57900e8cc930b	9ffbd88faf7c7ab982fdd68bdc83a2ca
379	f34e20ed02e94d501289f403	f4f6c8689ced6711f8515e64c284aa43
380	a4fe9624c0b400954c1b962c	902ccf6395d58a39efa8f13a694e7bb2
381	985f88d6d5674ffc1ee5a643	276952e6186f2b544299ca6307b6db10
382	2127d7c8d1ae27a37654e50c	b55d848c276f1a151f16855ecbe4ecf5
383	f178a79052b17118a289179f	b1178f45b41ce4e9c511af4bb76c7a2d
384	0cbdec5b901f3d0a31fbf7b7	54bd1e9b0c744daf6d279671a8fa9167
385	8b5ab5faa3171dc4857b9825	7d288ff3c6d547daf5848405cde95d42
386	e976ccf2e3b7d489004e6ee1	da1ca9027c9f300d9707269f476dd089
387	dc04128061ce8925cf8821b7	7ce24af7ad3da25b79d1ea0bf9a4159d
388	7aa3fac789d951a3f47274df	3f095e3c9e9dd41d76bb54ffeddb0024
389	887bb51908a0bf9ae10ac673	af4f93522705568bffcb94fc69e07668
390	f4c85362c68b8d386a02f278	2708503ec80f77cf6620873d5c8ae87b
391	4655e9d78d8f0bba817b0e80	04b51e72b2b8cfbf6744d39fe4220092
392	02da206fb00abd5dab15473f	24469e8431f73448c25c84d0a10afd03
393	486590b4ba97bb7ecef88e59	85c25568749165635142d5996c8f8eea
394	352211b7ed217a8b761062b0	8b39fdabcfe83cf59e3c9775e890162a
395	9cb8f0b421c02cd084c2e981	2367ee9be03f91ef5b4efa8dcd6766c3
396	bc9a6e76430a409772c3b864	2a27195f2bd409e9e8361485d0ffdbea
397	6162a5bbea43dce3421543be	ba93a1229f42fef2e3b62e03cdd7131d
398	24433da523076c02279aeeb7	32e3f33a0cce77f65b29770c68543385
399	df765af9e17323b5e48a03d2	e19b4fdb709675e99f813e8cb8a7e0d8
400	73eabe2bba930a26971d260f	2b0449c30256f9a5b727acda11b9249c
