1	d72caa776255f3f57ea4eae0	bed25dbba51e71cf3ee5510d4984c4b5
2	0eb96ffc0b42627fbaab05a1	8aa3ff2ae70a8eb5681c4d5e6a4918f9
3	98762d17dccea830b244dd30	099bb1eda033725344abc8d45455582b
4	1105ed1544cbcbc792f6ab5e	696de91ddc9408c48414144981fe6cfd
5	7f14c4becbdc9c5bd03d23dc	50c6de3537810319a9f878fbe1e22d0f
6	5d39c9913b6ae5f8d59fe45a	92aed6ae700171ef1dd142d884be3de0
7	9474d3951920a8d57ca12e92	653c17130ceb2febcaed02c826430e0a
8	802a2a21a0c095357c20b57f	c06b88c659f747179578650d6598e334
9	b736f21313a789b8254dd83d	7ea0a7ba7681a7f01421ad8772286bdc
10	441bc86615787d2a51995733	1b3df360a7c534ef3493df2a9bbd503d
11	4f0812ca4b038ffe92df347e	a2a4c256fee2a6a321e8e13530fe72eb
12	2cce50b4b9b9622e4f00bb54	53febc5d4b832b97f36810f4b7e296f1
13	d8784158e9a9df5cf40c2ea2	697857a8bf32353231d0b85e3f3a4a11
14	a743b7cf1faf9b6b915120df	76241f2d5e646492f8683a6d03cf27c6
15	18e3bf5cb6595bd32a585968	3aedc402768512940cb76f6c30bad060
16	240fdad796ffd0fd20b87d91	e4be85230d5fcceec0a9a6626415aa08
17	2266defb825bc783e1e9cb38	9e52bab3e04ffd09cb494142eae0b66f
18	4addb4f8b7536883187ab759	6fab888ada773c27d9151683d48df894
19	dececc38331b38a5f053654b	33549a7431f9c2860d5eb9e2c25ab1a0
20	b31a19d5cd3acf01772d1121	74c38374efcd08e65783c6fa96964b85
21	7159922ed082e32d3173f650	1ab30dfb7449bd032f43877b558c9f03
22	c13ea5c1770d32dfe2f918b9	7aa7df7db2c0417bb91b02804a7e0514
23	f806a11646d35d0d947b7a4a	4d36502e93e9e2e22b177f3106a24e22
24	c8b58c0bcf65a681fba0bc0f	b618cf53ce6dc771e64dbc4e3eff2be0
25	3713a449ac13c722f9da4166	87f71223c7e0f1324f358c93f458cd4c
26	b75f22d565c8efc454e64912	c50dbe86d13c72ddf2c2668433894a89
27	9b631de71295be4a732c0e0e	aa6f93bcc6b3370e1fc9fc32d1c80c66
28	56d3c1a45753b527cb3eae02	3ebb55c05d23e0569a1c471e37a7c1a5
29	2ab25ba201e7698ea65c91ba	387515047e4e32a1cd6a91512af3772e
30	672b7b2827b9d97a0482bfff	adff6d6b3dc0959b697befbd38705495
31	39c0f1f5692d96ee214f6f51	877aa2e6846b1fb019b96eab16f9a715
32	8a57a8a1e967f363d4288e99	ea0408a245de6fecb477db24bedd0443
33	eaad1a04936ddd5b5d504079	0991ee5f1cf19b5273f18bbac7da08ee
34	9c367a117b27dbe3f995de86	9e11a428ff2951e6bd307be369331b96
35	a95f7e58452481bfb08b1325	7006ec575cbeae78c4c685d18dd754a7
36	aeae516ae372ba7e85511851	6c8ab40bf4aee4b88caea1455be8fb0f
37	477e59750f2e1d9f1c947c12	029cd1679431af276cd7a1257caf7d35
38	9e8b97eeb06388c6434dd90b	6f2cb64624048ca9dc6ed9f73a571969
39	47c0af119d25c0edd05c8ee6	f073760f04b61ad5b440195f2ca98bef
40	15361070d6c2751606397010	98e7ebafc097ae642f9a95f9b285c15f
41	5ca39294a548e8ce3a6455dd	3ea765a78e24e73d4eb36954b20b0cad
42	e327a0701f86f209992efe62	a8f4b86fb9eec71ce1da5ee46b3cc6cd
43	0aedab7699b6541e39351a42	76753ab5a3637b622b0ab7ef1dc92934
44	35b75d6a0f1d1ac08b0d1c43	b7abd0328e0ff8c582e44b20de4715c3
45	bbc42602ac3af8952b56a9fd	cac690a833653ea27d2db8bdfa94cbaa
46	3f632b113adfb8f9910b67ef	4b7615a5d9f15922a5d2db6b1ed2cb7a
47	341368999f38084a7800fde3	a3a57c33c630a060ebe45845d0a5ea18
48	8e64e6aecf61985525a15cd7	cb67778e5791a0b19c0672b39b94a53a
49	9ba6165710964f602dabb0d2	b74bd135727f9cc440c38bb787b69678
50	1b375062b476596723658e78	13e791777e49eb6cf7336bc4e3c91c89
51	27c913b27ccf1745856bf236	b4e138ed0caa4b36e8439bb4383241a3
52	d715e80bfd1561c0ef3dd2d1	2eedee9af3a0b5a42f3c899eee066646
53	5ee5e6ed95babecfa8eafdb1	b4bb41341c3d11cf23c9f52f60b2e0b6
54	2f813b6a1ab293b504872463	ab1f69e821ddf12dac61b31e55abfc28
55	dae807ed11700f423dacb48f	1cc612b05e6b05905727bb3a20b2a6f0
56	1aa051f024cfbaa239d2b43d	7dcd19e7952c312f7147e90a4626f78b
57	6aa7194ad1626bd3294d04ba	2860b1ee93f095fa819fc52f9fc58dab
58	fca6be933eb905b868475747	078e4be1c175ddbd7943062c38a1053c
59	c3ae9b33892fc6ee9bf535ba	2b1c6ed4a46814bafdb258268781ecd3
60	883d33153c5e338da0688dfd	d7c9c79ec70fdaa169216ef33698cbec
61	1049360efb86dd6aec8ffe60	db21726334c8a3a51f1b209e3c4ac49d
62	71fe489e81b0e04faa01d14b	cb9c9b8e0d007763fb3c7d14eac11a7a
63	c07a4e3fd1fc5dad889917b9	9c782e33731417e2a2de010ac615ba19
64	978d6df2ee7967919916a451	eb0304a64fe675ce14e6af24b00c882c
65	921f354f15ab751d315f5392	67961c1447ace4cdfda97943a72be791
66	319e251d6de8570045256e9c	210fa2e9916ea4a23bff970a0bf518bc
67	3d1e2bd6076002a455a25c3d	69d8426257659f8b66b34205a70f51c5
68	23bb6c80f21e45dfc7484f6d	75577fd97ad655cb6f90c28360ab8ccc
69	0dfaeac24e501e16ebf57bd2	d40fc1760e9a927fd540f117aaa8bba4
70	492a8f17862af451b508294a	6090286272ca39a6f9ace6c9f1c5b381
71	ac15508a020777e7608b27ed	b81c7d2011d9032f6a33adf90aeb14a0
72	a72e193068c20a6fa8e7cadf	7203b6bb646cbe691abd2eaf46557e5d
73	8df938354ab3ba5089a318da	b1fc7713e4024b34d269b95603e56541
74	c4dbcb595c900534215a8666	2c2cfb9d3a66c514de041c6a40386ecf
75	d8893e0f58ae4d5b6c46875c	956774774c1a178ab2b8a17fda3a20d5
76	cbe26a98150fcc9c37cf4a94	e2dd3a99b1bbf39aafd87725c5eb83e7
77	9d8c2f716a7aed27568eb5a4	6ab4bc74e154b3df747d90eee2539475
78	9c31e3fee4bb9d58c3265003	bb614b71a62df53537d9dcb737a40b5f
79	1d1293af38499a7e1fe09b92	b15aeda0800263e658ac06a5cbaa4cfc
80	f7f7bc06da6e9f5a862dd235	da4cda0821cd9ae8f38fed30417559a1
81	de24f5eb6948f17c59dc5cc9	0546bdba18976c403cec3b0b40e30ea6
82	146c4c80aad62a6af842f632	b8298cd1c3222de8d2fee9b44f726a9a
83	24d247c44acb7d99ccf07296	2c97035dedede5e36e611e0cf5296ca8
84	d17c7ee190fa3fb691c0bcf4	1e9750ab84068cff2e839843d323b73c
85	1ff2e4bed786c8f84b98a4f5	5bfcd40aa4b35c1834f7dfc670668a57
86	feff777a9fbd45f2a72a0bf2	2be0a8d880c2f11b7c0694f919659c4a
87	45fe3453f853c8b23eba98f9	2a2ae35e6cc3afab3f706ea1d4a0c0ff
88	a91337a96c29c701aeb1a521	a44e4dc4b6548247eb87b5c8930d64e1
89	f75925151f3509e81fb7b403	a81bce2f6928ea6576af367e5e76d74a
90	3cc4eeb6bf6a3ca1d4c56b2f	36b1fe4f9b54a14b00498ee3e2fa2b50
91	d6d12ed79d2277f2c20d3f90	b33b96fe37b8b032901c1d4500ff583f
92	d83d5694ccaad1a97edb65a1	91d3958b4a01a39903c673e6415cf7b8
93	89d9cae85e80687ad3eb9907	5849f0893c2fc109320be991a3ebe818
94	94bc83e2cd2f3cac85f9a6d9	1e3cd317cb98f803260ec35a101bbde0
95	8e36b5d578a3e11c8bb72a72	eb7e2aba7601c51cf2a726695ec0cf43
96	6f956c9c71830dcd2e11953b	621beeba47b8cf063a995c90c9594806
97	a2afa9a1058b10677a00ba10	98c97aae53517f467d34f2b4d800b162
98	82366665a129f2dfd0c68f06	d2f45b7d69efcbc731e5508c66085930
99	a6aa42a374dfba08a975d5b8	ad979e2e29afcda77a358c8dc55e0670
100	630aba87a7d402ed3284c278	779c755cefcefb043adc06a05a03cda8
101	b7b713ae88ed5d8a34398440	475d6e27df745fea3f9c118e6042e336
102	7eb31e565056c0b3935f0042	12c9bf985a31903a357140fe991bcf5e
103	28e9e04089511e8f9fd1a389	18cb1a6ea591f10b56cc525d673f186c
104	ecf2576d893694697faf2c25	d128b231eefdec14dc89d6b72f28191f
105	ba6baa8215d0b2b56df1154e	09f7cae6373ca49a7c8f2de9153f9746
106	e315f6cae98fc0a4d68587e1	a9a75ce69ea7b4184e13b217ecf73340
107	7638562bda256af4f23fb289	857c96f40701246780e26b3850d26f49
108	3119a64fbec4e2a2abfb39f2	da886a72558b67b983ada00f59107617
109	f22e647d885f8514f4c2d5db	19c30653b737b1a44b128985abf41ea6
110	d9d08aa428cedc689dd405d9	09a67631425e0e291b61fd67ee7b802a
111	bb8de163216747b96fb06cf0	025c9ccebc2f730ecc524114dd76920b
112	ac70267f01fab4a46b93f519	5d3efe5a5487cc77b2bc649cc43cc97e
113	07b89fe3d155d1746180dc9e	cbfeb6cfc46096a078938dacc8a90a12
114	ab6918ccb1438a9052ac7c4d	6e9b8398d340abf792859c990f4bcfa2
115	040d3daabf7db14c9a1e5f17	06c974b8fffe159fb3fe020258ff13a7
116	fbbade1d114e9717f2324282	5fb62fb90b368629b281003cd1565caa
117	16e42b921e690b86ce8ff715	22508028109ec327292e4da197c491d0
118	e25ff1a110b4338c4f723e11	1e092f177977e88809c284bd60127916
119	cb34c2b904c3c3c1a56fd07f	b30c494b42269156306b1c1f6a2a08cf
120	488072de6d96f886a049718c	2663b3a57a6dca282a836b3ecf855c53
121	1fa4089cc9172f293ed99649	c8fb3b278c4702c7ba88ed3e0f6d3d78
122	62d8d77eb04c673eb795056d	fc08465e94fd5ca3034b6b0cd2abdff7
123	21aa6dae245ae8e1d8f6baaf	7ae99d2be5a1377a108cfb8ca6d506cb
124	561f7145c5689e2498b323a3	090bdb70612e9ef71560bcd8b4ce14ad
125	7ef7ba3aa4430df5805d8d49	9d243a990b93a26ba7e4f1acaba7af01
126	1f2ccf8e006a699038ac75b7	bb868ffbef3a7fff3ee1cb2ea57168f9
127	4599a66a288089c7095b0d84	11e4c889b91a47191675aab8f9afee37
128	530b279b5d2df780816661bb	9d35bdc0302ae99e8c3e8657e72409e3
129	627e8a951a27a399017e14f9	b2caf29aec29d889268ba368c0a0cf14
130	febc553274c16b9426763a5c	460ab4828ff78c1ad811b246cc3f6472
131	69e582d084970996b749c383	07b71c46c190edef319b62347d73e97e
132	fd72a2bb816fa6dc4f619f04	c37d7c7c57460125323119f4826184fb
133	17c97e4853c4c16cf740c1b9	1140ef9876059897829ce781da597c1b
134	b6d798c6b9e6843b32a7f644	6c0dff2903b1c6099847f4dd4594e461
135	2eee60c84b42e2ee0c792671	a2a8ef2572109899843d49fe88016d1e
136	cb16da429b771ef416584c56	528e7ec6549a2f59dada3eb4a88ceb47
137	fb657524012a5e2e81fbc704	b5cf829f9d07e15f70fe9de0c2c10043
138	f89d57e0f4bebd06e70e9b14	a0787d211f5d2232ced2ff39f473bd9e
139	117ed8174a130adfa92732b8	fa2af388a34f757cd140c410aa0e5561
140	fb61700e7ec207a09c05d85c	a8ca1d503ff700f3476bd6b50fe5e97c
141	504d69afc47b0d1b483a9c11	96f7db3e234246e50ddeaa234a4170a0
142	8aa77d1d1f19296b53a747e3	41994cd2e8a5fd36b921c7e317c368a9
143	1e8c93b61ccade495fe32566	f55b2c86d7761c2b1f5133381a99ac3e
144	0283cceac168b647213ea420	2b72871b24b302916cf7bb0b24f14e74
145	c05e4c1ae199b88cc1aefd62	e8417c18f9935b2d58f5b279ae38e1c9
146	bf61beb79117793f9d2798c2	753d4a232dd1205bdc983d5fd7e15283
147	60568b371e110501fd575839	2665537c183197a7dfe89970ce77523f
148	a028f5c3d88b676bb16e3450	ab307ec444864718b11c8f9bced71ec8
149	4addc9c4d1c3e944afc7721b	c11c0310da61d1ee20551465c76fc5b3
150	6fe6b54fa4009068fafe3f33	27a5607fe3d8d0a358614855024bf5c6
151	4cff1c39f376241ebe0e18ce	4177602282213d5503605f76990e9353
152	3ae5a75a513136267a593c3b	fa1b4d4e527aa10f5f5b33f2b0eccddb
153	d61c8afd2efb47f4f9d4a136	11f3b5693803168101c0c2418be161e1
154	a165b80153de39a7fa42721e	5cb16e2f85d0c4643518e9b3b26e047d
155	7eb390948d0c769c60a6e1f9	b8eca48a6af8994e021821cb3f76b2aa
156	d9e73315aacd6eac3614745d	37ea90f93db1e2be5308b6a49d7329cc
157	de286a4b901ce35fae93271e	855b377286e4b04ac96c002a024c48db
158	39a9747001ece3add8c7eaa6	1dd995ded66f8a3ef8fe91f8c6c641ad
159	ec9cf525eb9328eee4daa7df	5b72b9272ebf6aa5dfba9cb912b4d8b6
160	8b10d15f49231eba19f78452	e31a45a7755883d2d26777662a564be7
161	f43178138caef7e27f8cd76c	0f24a985b5f4535873cb22022bf2183b
162	58a66eb7e686b1fee5e1d93e	8ef9d21e2ba2a417ba3e32c96a9d58ce
163	9741e82a93a122ec562f251d	3adc43646c3c81e513bb4086a1977eeb
164	4d4d040ce294ddd054ead599	6dfcf77227e80acaf587bf249384654d
165	736d99e18a75a0d55e743eaa	598ed273e62fcdb6051f8c364236822c
166	5e8668f9a2e15fc02dd0095b	ce5c9c1332a77befbbf89d256ebbac57
167	14465794983320da128a7e5b	284f918853074cd07b8191d93c02eae3
168	25fd0703cf43d3c549ca1927	c0a4b046f3bce3ade612b74669c39b95
169	2a390245bcc6fc4b34306e0e	11062c94830183a4ada22ee5070834cd
170	855c89bb9b7e9ff917ddb383	95bd199e1e3329f650364a22ea82c0d8
171	3cc8835fe36242fea1f24603	eb18e85c8dc47c895c244e39d2215e63
172	5e94bc7bb1a8a21378801e0b	c90fcf528ac888152a06f76718ffd735
173	6497467d0c1de1f553aeb514	3fe88442c50547708bcb0a0bc64c5257
174	96c927e54989a4251cf589b9	d34fbe3a52b285a92c23ccdaab43e485
175	4aadb44c8dd9acaf3fcf7c28	818383c225a83bddc72b411122b47dc3
176	ffc76c1e710469c61330e1aa	85c86963636c074e422a54a8912579d7
177	7bafd679fde975222ea068cb	e6673c16ac3acd51519f0128aa3a383b
178	5909080fd9aa330b020d2567	fbe70162774e19f67222a71494d5c9db
179	cc4bab3fb46e4df25e5b9168	fa74f21d9a47cc026aa701bd65d2b741
180	7904b082c1ad3cf8c4e59810	97ddeac2a11f014def0361aa2ef49068
181	86b0714ae257b0c103b0be97	8cc9884c7fff52de3e4ee5f95c67d79a
182	6f336a8dcc3aacb6c08218b8	cb628bd04ab3d3e8a480247f74a935a6
183	03971aca9f40714a4bb3d141	0a30da44a17e061600e5f35fc2855447
184	3e68ad171fdccd596b3b832c	d18937088259fcfb62397eb873974710
185	1f970b0eb3a988fb54ca09c4	fb9c1b4b177793257bbd24f0ff135979
186	b7f3e9d68b750d9ac0676b8f	8a3b432b925c1afb2086ce01d329f817
187	d16550b59e78109a4187b0dd	9e49f9656b05e62ed658c7b69cbc86b5
188	d6da25ab6a2e6b3fa41bee42	ac6566c1f64439b81c5cee526be8dd0f
189	dab717c878aba060c3cb22ae	7ccaeb160ffd785ad4db479bfc020686
190	e553d72c3550d7864456ec62	1a84a43a2cf5161b0532ddc4b1d81658
191	3e63ddc14f882bbc45012d0a	439d88a5c5e1689ebb3272e75d8033b6
192	b183da6bc9db6130399373ff	60cbb9af41dbe5bf00e4e35b062a9c34
193	c048acef4741cfcf4da1b808	b05bd8044df29457474b39a10c34535a
194	e6a085c2f0e83b865e76ea61	d791eeedf5b1d304a55f4b4db6293d8a
195	a412f09af5ec8ae75db66c3f	9ae5ff9160d8008e908252d590df60cc
196	9afe79045b8cd4dbc39e843f	e1bd15c65b64870c499a1047b9c32bd4
197	efa47169089ca7ed7e8b2aa4	adf01c3381b99c7bf9317a1fd84b68d1
198	617c8ee392691f018068d59f	0621f06072321ead31f984005239b5a9
199	c54c8d484bcbf2e267d7e551	17c9010ee397f6266c835d22d8546550
200	9d9e52b2a7d89153ca5025bc	ec21de215a111ed8539776c4b26cb6c9
