1	299f535f82e4ccd11d0d8d97	42440b61a513e2a12fb624c2b48b6e0a
2	5d274e8b96917417d0be61e8	9cff55b0af845369e908e4e7848f5853
3	3735d67977112e6efa71d300	b091d0086821ee79d94ff28e25cc8732
4	93bb4780a79af11864456240	9f7687edc4938ccdcf38ac6e2d1f3c0a
5	1fe79b81ee53f5dbafc740f8	76c1365ed8eb1899c3761b27c59b8e17
6	1ba493ac300a0de37c265e6b	7f1c52a88993b8bbe7916e2895c53f79
7	8c2b3770fa9f604796b33789	8e054aa0430465620d08f6e2870f41a3
8	7c5e59a597f28cc8874297ee	499b4a4200e3ada10cc95ae27d3fcff4
9	6e7ac6aee8a88aec45dd707a	01ba9b776e32f2f718b5d06c6018a339
10	39355d9925691d46886ca546	f48a175d7f221d663815fd3f5595c0ce
11	9755dbcd76e1c4895fddc9b0	a1f53e0f6e91b8c6e9717b041758fe32
12	0cd4c054ab3593fc697d06b3	01ae01591509ff27fd795cbc122da836
13	345d75cb75cbaa7fb5b08b6d	0a03cd22c00105dab58c149b5b5b1c4e
14	6715ef97fcfcf6766115181d	39e3b1a899fa5a76c3c837d7a7ed0327
15	f6f94b62da9bb7cab3c32c4c	9245384cd9a6dd68b406d0535b4d775f
16	a0857ce06c10f0941265b77d	1d0fd9613d434f6aeb67184cd29eb9c2
17	b7672a89a668c6d37acef5d6	8530b08c725c5d92a7992a40bbfa3b54
18	5278038893d6b209b41e7698	f2aa16f569ba8a1c7a8b1f970a13aece
19	0616deb62102433f5c88e0d1	c3d3b4b987b308b8b777db19d8011c6e
20	570095fe7d957de58aaa5776	9f43710ee024f24961723c27073b660a
21	adb1b8db288e5810a8ba1008	42eb74d0f8f144f65210db68bf9691b1
22	c609862d4d17f132d5318815	89a6aced5dc77b193ef5a7abe17c6e68
23	973d59043e9645ac56798ee3	bea2bb5531b5b878d0a82b06a370240e
24	0d892c3bd2edd939af878a76	dc946d4348933d68ec1088c43093a70e
25	a978c1e1c4c2b97f35acdce1	d20a88c5e636557719b813d2096a5d67
26	8bf116d3640b07ebbf92f6a9	ff6226992984519552cee168e2f4580a
27	3a65cc93b353de7db480838d	5bdb5158a59f4230b27d823f7719f119
28	ff76c830a67017594927dbb5	b119a25bd2325a0c83524409e5fb9f05
29	fd142343bea6db4c40fb5308	2b125777718b7253ac8442ce89280751
30	865c38891053ded052942d6c	5670c141bc1bb8227a27aada92fe2bcd
31	85de4e76405a2aad1927a5df	2c60f8a6b05e293b03f06be8225b15c3
32	b95b0ddfdd2ce3fac5f1234e	091a75a6b3bc8fc5d963a71a5093bc5e
33	5d37e5d7b8d2dfa428ca5dec	59c111a50b4d0bd4d927c0b8cb5a6364
34	3c269eaed842a4d4e7aac55d	7be972dd874c3a4d0566e78044c1a64b
35	61c2e91b75247946a2a3b157	e738a9375116fd38f04d94601347389f
36	46571f2f306e170eac39ce04	95a32e91091c27d366ce5023d49f4173
37	6825a5784326befb6e9aace3	3109557f40b34b91447dbf275ca774dd
38	8697f7b3d9a471092d84003b	c54502e8745afd6e45163cfbd9e53365
39	2c28681d75f7514d9db5f3c4	d0524c62a4682364758fda0026e84d72
40	a1a7866c133f17244fb0e690	1812010141b38d183a32dee1c7efb228
41	51f74b73c6b7aa5c9a43631e	1abbce4a604db5cfb954a710d5003a86
42	274c09f49c4b0c652f3ae7e5	2b83f437662fe93f794e4d4d9d8b3533
43	8c4da1e324fd5a1f40a648a2	efc80f48f553670363aa397bdeac4300
44	daf6cb11534ebffa73711787	7956a5b8c62834cdd11cd511c04c160a
45	291155a0bf4f84da316e6675	2769c171cb1f4909b7a997dd87faf9e1
46	3ad4ad91bd01551435bb3019	4d08216752574503c9f5fc5c9ba21724
47	81c1ffc6446eb5da5ef269d5	4190a1193dd4e8c5aad7297bb92ace90
48	14a4c9ad42c97efa2b264c96	b0e21b56b219b07a4d378e0e01a83402
49	50e8b5314450ad4aad3c9445	56268549cb2b981b006b9c46fc82d3f7
50	2be009d54dbb669750c13722	0f2c843ff3872c3c09e5c0d456e466e3
51	32878ee7250320f79dc1a18f	7e5a6da51cd35356bbe2892bc1a5ad83
52	888ed0b995f799e23bd3ac5c	177e44de10556258de0e40b3b0c8399e
53	110999f42e606bb5959a30d8	1c3cb093a0a558494da00941cefed9e7
54	8c09b9e4358c919c15f1f31f	c4b17da23d4710cac139bcc42cd3277a
55	5bc23a75ef7733318d36ccc0	f71f76955be6857015a3887ec71f207c
56	882c5e2100866c76d06b5992	216ed060a093b3c41083ad2a1692a0f0
57	2f0d1c324e3a649447d3d5a2	cd224a0afa593a18927e5d2439c0987e
58	4863eb76a7f68a595c75741a	5c7714d35e8d1c632cc2f1530117543c
59	04441564dee4c375d3c927ae	1b1d2f6d709171172359553806f23559
60	266525fdbbb71f7f7e8eb343	cac48d68cf4daad6409750c7112d696b
61	211177769b83e0abcc17eb2d	a6962f176f0e5771788204d6778af275
62	d2262c3b13bd236e1ce5838c	c3ac670e9372b47ca5b65c720a383a57
63	608bfa5436eee9fa142e4574	72bd1ca49394d45210b339b8ea9acb98
64	d36d2ba3b6dea9f3270b9b75	19dc322fe577864b779b0a55bcdd0c20
65	cba37e2725b99a7f232b36d7	440ed432ef74ebd984a8b4edc70436c3
66	8965ec39c98c907c64deef30	a79b70e4890ba93b2b6c7ca8c1580691
67	eb238e48443f6e465224cf80	6d31bdecee682cfa16c89b1af928414e
68	27f4654b8b8d338b47203a85	ef3f84b32e42d4e6ad3cc8e17eef05e3
69	9a039fbd76f2ff88b1ab3bd7	ce5daaad876487f37536b57f519ef96e
70	8e0669b4500d9d30b4cad88c	bcedd13c3caa7e471db51923a5fe3c52
71	fc3c7dc5b8fcc1f768902372	03f90c05c5355ee14aa846eb395805c0
72	1d738956428f42c99fd5d87b	95341cd5ba9ca02e09679091e1e2d217
73	ba6015ad7f641aba40cc7d32	ccfce709cf88765b1e66a173ebc7f7c2
74	eec764640632c7c8d834710b	10d6edefe132555455d2326e5e196b7a
75	7d042e39e2a5d3877ba64d6b	e38b6515b320c6caa43f688e911140cc
76	049c4f237c9077155c62c106	68f98782a3294a7c5570f27d6546b2c6
77	c15c744b9f282529f5e12f45	59a69a562316956095761b1da89fee29
78	4587b301237fab65a8e43e51	67123982a022156498e8137d7002dd6b
79	bde0809932f4128d94eb3f26	e727c4e11f67acd5e576537dc7d6fb36
80	82aa18d14c32747e59936270	9923f894d23434807da07c7926bec59d
81	7662630bdeae6a354a054ce5	d53343ae851350c655adeef5fa378645
82	c89141ced78231561cb37e35	52dcf59438cd132183121740bf4c0692
83	8419a83bd175d69c54f6c441	f1482e6ea1ce059dda9dc5ba8f771da2
84	6b747b6692432e0b86c185f1	731b7d0afae73b417000b00e9a32a5ca
85	13a52aa7cef27d7d0f21a720	8fc6d01692c0e950453475171db3e56d
86	df8e5b5a9d23d22469a29adb	f56f1920bd30a977931762e8fdab5f7b
87	5b210eb87813d44253684b23	c86825e75edb453f413696f98b87a3d9
88	f809f80a84dfa4f2f1a4b81c	34679df40a75be6c7b1131f1b81fbd27
89	97f2cfb1291d4ebe1f0505b8	61200a37be564be9a20f53b50b62b9eb
90	759b4dd1082691db98b84bda	238d73fc25f8a803bb7bdf9590be6d7e
91	6910822653e03ee4d40ac0d0	6bde356fab348345b6b65eb88be119ed
92	e3f01f4fce8c6136a8c498cb	c1403e934afd7ed6f2bf6093702c94c8
93	a7dd49964a053f0bf9189f94	c25d61d4ea67a7be622ac7d0c6740a37
94	74ef721f473ccc3aeaa2a5e3	7a4e462dc13d95d27564ac4f43fc42cf
95	f6c493758783626a8e5c6303	d590e99ea11df8dc9aebc9c559dec80b
96	3a0f3659c13d68eaec3c8656	6be6604a38a62f8e40b86826614f0845
97	d5d7e69367f768e1602e8d62	05cf68ad45ae43ec68bbd1421227a95f
98	640fcdcee55a6e3201818718	db9f1c1326024e082cef0cb3abaf74af
99	215b4dae0276e8b3da78052c	96bdc4e10ef295031db64aa595bc2f09
100	d9200d67a6a38fece1c09d08	be531aba91b5b0d778930fa0e80fcd8b
