1	dffc4239280c0302d600db21	fa949c4ca9ec8c43bce639335d766569
2	8088b32a3bd933a0aab348af	de84cbe891708ec300ef3f7514e48155
3	bbb277af1971698b929b2601	50dd60bbd757b47d1e87e7a9c8abcc9c
4	eec8937d55d124f39db7a6c1	bdbba3d7012f97bb967e2e8dedb4def3
5	858855160bc5073fe9b6355e	381b4b9a15c8aa7aec5390f531ba00ce
6	4d412de91882e190673e1647	62942b77c199f706d8c010fdd0a9a307
7	d797048fbd50f338e38247b7	9e07b100bdc852f921f503fdfc604123
8	6e8bf3ba96023e7504cf12bf	30f799c4f27f17815a26aef7cddc1bdf
9	fff72993e43ff6a6e85e0af9	f58436192efb5b0469d5205ef270771a
10	434c6a1ffa57944ac8fefc72	0ceadb5dfdc7af95d0bb43780cc64a43
11	bd1cb775f9d173c4b9ddbb7d	7203df41bdf2cb108096debc9afadd10
12	749794f6f0717a18ce436b53	2b1f41a2ecffdf3aa9e7e2b7005afa6e
13	8ee06f9a53ebf51a8c3b1cb4	ad31f672995a875c37b80b8b2e7b020a
14	6c8547f8b6b6f154c088f6ab	f7514decdd468f94220975017dd145aa
15	b467b556b61f443d6ea54d4a	c9a26697c3d0b6a89eb46fe6b1ad1cc8
16	5a6936c2b3046b9375db8148	7dfb6788ddced07afa736d3c7264c8b0
17	b126e78641cadfb94d783635	dc90b15b4271b2740a210231d80e0ef2
18	b4fe569441f66051db0f04a1	79992fffcdf458cd806d81ad7ea5e815
19	663466b6dc045c36713909d3	a8c0cba381fb9757d3ae79993c93e5e8
20	cbc5623606ee5b06a6e3f4f2	bae4cf06de0b44574ff1ed366902adc3
21	9dc026524349372645d2bef0	ea5ef54d641f6bb71bdd91e95b9d8fad
22	653a1b7f8fed0afeff5dd79a	4742e7e9e32a97b69862ceda1c6a0d31
23	5e4dcc8650ff0482f5fbc58b	4e05a9ae5b2aa60f6bbe2305c6686652
24	485616c444b1b72df6e6252b	e9364766d6b314e94e432bca2eeeb27d
25	4bbd01c18548d36197bb6ec5	330a001bd88a5be51fe00c1413aa4877
26	edb3ce7067ebe8b306bea369	cd0bc9b63d90294e35ab89ed20dc0a62
27	7f70c372ac429eefbc96bb4a	e1a55c90b3c4e58ae2c4de8097d0cc77
28	bd540768a4bfcb85f4574063	6761cb6843a50e05c6b3ef77597c05f8
29	cdbfe469df30dda9796194d3	dc5289138338d7d309b143a46e65940f
30	548d7907ae55e4019f9186ab	4d15c1df126638ea78f4b5954683125a
31	61017590dc22c6704db6b36b	7c85231402bdeb391d43f68fe501eac9
32	43c69debf99db9e8250ae497	75e716676e09bb5d543d776b4b68f84a
33	804a57afcf74ae8e156fd49a	28d1a51197ddfb10d24c5ad0f044123b
34	e6bc448dec60b233e4d0bf0c	afca51df8dd63b647835318e2c795ae7
35	6f0b26067f23855340eaf39e	6f8a6525173838848e689019f3af3c98
36	fadcfa283921f28f43746b49	a0117e5e525e8a8feb96bbaf617d6edc
37	5682920f0314acb0166fc661	81b8fc54667475ac5b4081c1cba4047a
38	278141045d178e04aae4dc2d	238ba98af05982d3052c9318dcd6785a
39	cfb327432cde5b51536825fe	f653c1642353724e9739fc71fe76dcad
40	e19e879baaf675115e38b85d	07e596d5aaac350684aec0fdfe0adf8c
41	e57dba160f9406ed7ca5c90b	81502aeb1dd62ce1aea4c681aa6305df
42	756e4bc798006464378e6ac6	82abe296a80bd409384164fcc74fc31d
43	6f9fe6d174c138e0cba7677a	ee7ad564114b523b41e65b9d1edf7edf
44	0d9e76f68a9409e97c1022a0	23bae5d8c7a59f5d40130faef678f01e
45	ce36f63409853bf433a3f734	84a18f5664ff5dde08274ed0f8f913ac
46	84ce2448c7b94959d8e1fca0	40d234a4f882df1c41aeecd09a497ee2
47	50c1c7835e8aad412ad4b2bb	6550907f1c88e87c5babf06a6f26fc2a
48	91861527024750d5f1cc7972	55723d3a7f7aa999a4dd19f3a7971b52
49	f4de458d9bca4dbc2dbde636	3f90fcd7da53e350ae60d47b5845bd22
50	85a859a74b69f1c4c383812c	517081203966099d0dac2cf583d18622
51	e29effb0575bf2ef3f77938d	d5684ac8aec2c816fd6609d1340d84cd
52	5eeb1c238451737f6f52aeb0	122a70c0f33d9a18780d1d63baa1e934
53	29f01f47d98418438f97534c	375a0e54d1c9304903157dc8b2c373db
54	5484317e4bee83a3190bccdf	719baca8840af9fe15283e9e0282947d
55	b8d9d2f265e7b95d6ea82d2b	f64bf1460ad88d74534171dc486a0d9f
56	d6f7e2182fb956b428d1876b	9deae16b74cc2f40c07b95eda39e1509
57	9a9c54af2acfa021b30c0c5b	da84b14ea9a7aee07321243cd6187cb7
58	fdbeb1ccde381c4a03bc26db	14e972232be0e939fdbc6f849b7ca539
59	cb4c81f55637b6713385ec9b	2e80810ac15d03bdf0f34760b86184b9
60	c98a1f9e8d4360955bb83f77	8c189368586648a702293ea7dc15be25
61	ee6869f6580c926a1ca15772	ee6ed8a71c3c1f14a1012f685a6f723e
62	3502198c14cd079b529ddcbb	d46cf5adb845ec6c59e7fa46a1010ec4
63	887f77cbc4bc2b25a1c298c4	07a1fec138d5c8d3ea4fa7d0bd595874
64	0d8d5db32e7fb46bfe77150a	cda5333429edd60bd0a6744e1a793f99
65	95eb1d472fca7af8b8689447	51dcbb3492ca41f582af23fb2e6c7af6
66	bff20b41baec8399211ee703	648e68e2629c313a24cc5dbf88132a4a
67	e21372bc61107fbec4830bcb	3b84087ad829b3eb5e76d057b2312771
68	0bcadfe5d0963156e3cc649c	8d9d0b28c528bcd850b7b8d4b252aeb4
69	a3556b148b06f526dee2702d	ef9fc26905abf65c4785fc4aaaab7b93
70	b7becf56f6a10f5f58f7c78f	6b915f8328145ed67a549bdeb92a6ab9
71	d4f110e64ea6f7cc7e9c1cec	d430f91ebbf4ea2ec7570a467cf191f1
72	bfdd0122d476a427b52ef5f8	11f6881c82648dd70446570f64691c3d
73	b5c64c77b7f34ec079ed1820	9697f733f3243700f62715a7c171be4e
74	15aae508c64e205d624cc921	560bc0829244f98ec53459304eb8c71b
75	a03c86a4ff1dd59b99b1ea4c	97ba476c835c05f3687515b069c82d28
76	64310b513053338e1f117aa4	899054bd4f6507f6178b2ca2e1433dab
77	67ce90eb998e0a052e0ca6f9	ae6ffc2809433e68fbd2fe931960dedc
78	ad57e2d42179b82d8f11910d	38c3b8ffa5a811cb412d15990b545ef2
79	1dfcdb19b75cf535fbfc26f3	a8312f995731be47e6d2c9820fec32b7
80	8ff0718dc4bd6af556bec3fe	4549feac0e2bca9f6ddfcc6199520df1
81	54483233c5d742d3c1749858	327c14de9eeb47dacfe65dc25252c226
82	043a1f8b81e6bcbe5a61f9fc	36003b625c3e3e87a965cf92b4f7ab77
83	4c96cfa320d644539cbf8714	017ace3aa6d276a117fe60928d755ace
84	7991b4ec607b1f4d0f0fb602	869f04bacc51641bf173f2f4bc7fd1fb
85	fd520e25495c06b2ec803dbf	254fb0a35c19d2f2c1b064d494284997
86	0b147615c37a8bee277f164f	e404538ad45ca9707b8a0ea6c66886c1
87	d2c0d0e1b6504ad91001ad20	9e0b693775cb669c16c4ec559e4880b3
88	e01b493821c2dd35c7d10b20	e40c6568e5255828f794ed3a2645b86b
89	3d9de94a031aa011649f10e4	93df73f41fa2141ef60c4300026bafc7
90	3bf684c353dfd2c01475e5cf	b49b8352626aea0bbd6acb2991187531
91	6a42844aa63a2ccab6a58d46	9fb12873a0601461c8830e6cbb1db8dd
92	bd03ced355ac6c398dd7e390	26b7f6078b279e7221f16e561c6b3357
93	c1677f1ff9b6ca714990a785	b96f1e693fb1b6291808cbb9ecf520a5
94	d89f36e7e6a2edc11f714ec4	a59061d7cd0a1df6f782469b56e26426
95	db574e2de5d621cf2d92108c	8daa1d57b42a79097165104d31b775c3
96	69ec74529dca368376c9873a	f3ea6c27d556ca3d2fa30f71b169d3e1
97	00713bd4adeae5d7106483a2	b172c131d0918e48de9d87a1c4d28f4e
98	d6b15159bb299487b9409fa5	9d87dfccf290a26ccfbcf4be3502047c
99	fc866b07dd5b5c30e8a8787e	29383291026785f43fb97888a68cccd7
100	d01c55cee7ad435250d2691e	f4fe5554df0f41e62bde315ad986a4c4
