1	b6b06d05997871149b57c670	bbbf0ee796247cabbdc33a4182bce6ea
2	aced8a00fddac71773f7ac72	7790730640bf0eb7aa4c0799b9b09bb2
3	209404131e3296c4d03bdd7a	bd37bbe72ff2ca814e3a1187b081f368
4	c4af487dc4d83ee344d0b48d	6abc4c927fb567bbd6804b5bf41e8a50
5	e1c8cef45730801799e56d07	b2d503dd0cae478b7b5e264d01e3b2e1
6	815df433a4ddc4efc736d5e7	025a192d64a8814acdb48954543db729
7	a8cff1d931fa5b7570185c23	b88e9f00630ef2cba9879e622553757c
8	bf10f03f593d8e72807dfe16	8dde6202f52ef6248c03cc15126d34fd
9	2ca81e452e52ddbc0a9a63df	974bcf4c2509d5e735ae2fa558160e4f
10	f8cca20e472bd7b3b808669b	a44674c9230512d07baea75bf3aab70c
11	38cfe3c206c1cc4f619c55bc	9b364c5a03b79c845962f046f5473045
12	96f8330b4258ed71e29d26c0	49c22adb0d04640f2eb811b74c26abef
13	1c1bc754f30976b9b8c8fcb5	dd2f66284a1c5053c8a5fc6dec29d02d
14	3bd5ea87c206d8f4ff6549c9	c005e82a9dfa081ba804cf4caf8d38f3
15	3af0c27de33da2cfb143f36f	b2ed72e2a601efb7753623eeba0f55a0
16	7cbb9d4e69d6ae2bf32ccd46	14aba482202990ea70d8d9b51b709e8e
17	eb6712706a38304e502a68c5	09507273edec0a3423136ff3d02d6d1f
18	68e6982b93357069a966cbe7	5ffa2f297f65f13a8415022762ce3635
19	35295cd7e7f7f43c43be4bb2	65d8f0814c5764e05cb10b775daf6989
20	f1fdc64dd8d907cb5c7fa7c1	c2c3a2fb45e94e19ce9e85be88ae8560
21	7512417ea6dd01a6aee54d28	cd197a01d744d2f904b38dbfa0de1412
22	a02924b4a843d3cfcf8b59a8	6da2a64ed4853ccd3ad264abbe51fbb4
23	39574ea91c2e35c3a7a8adb2	a87f61ddf1d6445a080e8cda7d58b700
24	2a9419e1261ad0c9754a4b8f	e55abb2181a35aea4841e2b1b53f8d60
25	fccbad3d63ae47dfd4861f9b	4e51f8c7656a4f17a1fed4473ffb9ddf
26	d9d606f0113c50c01b5448c4	6b422cb9e2ff3c53d367c0128677d449
27	3d01e3d0bfc62e1ac31b9b59	6a3d7c25d603898109117d5084e9fcdc
28	04d49d50b60a438c12f59ada	2ad5f2abbb85ea234e7b6a277a493146
29	b2d527a6c9f61c3450ed5292	f1e912f5ff64f0e70fbfa9ec5585e8f7
30	60d1841262ec55fba79b32df	c6620212fd4922647d8514d0a2cc7d6e
31	9d36c178247068aceb448e84	f62f955bd2a3345240543504a97ab530
32	6084805fdf6f83bb918cdc36	e63315e05647fa4558976d272b92b7cc
33	6274e794a5ea1a387f5821f6	41aeabf79eba17c48645b2da5aee0305
34	b1f2267ec8c9f7e35e41a1ae	cc714896b526d30dccc4226f76d6bb0f
35	8c706509ea69b95bdd505410	08f38160b1fa5935c9c427745d5a800e
36	22c1eb3861ee86effa127631	5be5abdd30cd6c36fb60623053054096
37	159c8c79c46ced415ad44c2b	3c802c5950c50d29545da80d7e74a1ca
38	dbc8d6c69cb809a8074465ba	6136352800449e6ad701422dcbb05ca1
39	cba718b161587face39362a6	5b4195795277b1df78bd0c663dca4896
40	5b04d0977f8846fe45a76eda	50da75afb5617f767eaa2dda0360d7df
41	55a132541bd5005895df8b78	d233104216464ff904f7c558616b8ba7
42	324e4e0966428cb38b8846f3	4633d9ce7e1ed32c47cf29681218803a
43	41034315a1cec2f0c31db4e8	51f2c88bf9c77853f297f4e49726c274
44	4aeb3889ab0fe29251622e92	2b06eb90bf1faf11cca0705f7c78ea9e
45	b297b6a1e9a2b87f20399152	7d963b41d3c75f4356cfd7c204389638
46	05cb478d76fdf0d50d4b3421	d52c30ded47b563ad1610247d7a2538a
47	5c5b43ce873b92cb41a905ff	dc3eb64c07345db80fcb07233d9a91b6
48	91e540af5bcffc5dd9c7da00	2b1f88b0dc6f292542929c9b0e06e0c7
49	91e3b0ceca8ee454498c342b	8e9870eaed8da7f72a169f575ca875fc
50	0d97341d50c21ca89e3ad6c6	e6a613c48f55b88b6c7077074c0ae09f
51	5b5ffc7cde7c5e97de8721b2	4d72722551f0fb278e950b79204e2ecc
52	2bdbaa04b8d35373ef8fdbc8	8f46a334e6340256ad1d5aba3d5b87c1
53	66833c3782dbe8fada84b78c	adf994d1023891e5d6dc145688b79070
54	a207bc58e7468d0faf634279	29c55441c7b4a6f7ccf41252cf285104
55	5ea1ebffeaeb317323b6a7c1	c2839582dc653f83f09fb798bc86c54d
56	fc002e7f1b7270e22b180dd3	dd1e32079069e9119810bb9c9dd135bf
57	effc599cb8c334e31458d72a	bbb29c759e9dfa1d250d21a9a9ab539b
58	f457123852c15b31445f4f51	7b3cf723c12c992d5b7affb0e9e841b8
59	6b62d5f544368888d05a348b	1e7341492611224836de5fda596875c3
60	c0bbbd9adb4180d8c490294a	fab1da61c88ea4a6581970cdcdbb1268
61	d8a8517a9e1bd314d40e0bff	871bb391251a5d468f981b8174f37792
62	af6053b63b41913f59f53c34	0ba33552c251685eab41a7e383a07b2b
63	5ae653f36a428d36ba7780ba	4c4b21e29ad1db8047b4bcd2e8bc3389
64	9f8bb16d3427698819cf86e1	d336f4d65fed81ae3659a5f88b9882cf
65	b9341756d8c778ad17035e98	b017719fdf3def4b2531dd908af05d3f
66	d9369d95953024fa40829373	90f9c7f0c0749203deba73dacca54833
67	e43e2eac97addf92b8fa5b60	fd64dd80af60f4f2820b35bf6147f331
68	48f623e14c8d8e0b0bc567ed	bf123d04b4cf9dc6851f8c010d12b372
69	316525d0a2417c821b342329	af1f3586acba72a1a3d5cbd9a4c7011f
70	7dd1d35a24b68df404575dd0	4acc0c093ea57e404d4d20c1c64a8880
71	37e28ef9dc40cedf9e05512c	fa745a16887cfdddce477c86025c2200
72	50299bb6bec0ba38624a029a	12d5e497dad8dc14da05e9271ceb86bf
73	5f362769f2204b236b699b95	310e641276aa19dd22757c50216a02ba
74	00273def19b66d7789f151fd	e5df8282b75e77b9faa1f4702289302f
75	bb161e061da92f4afea3e004	34f6ab1fd32db65b58fd4f314f91c044
76	270b560b7ba5af412aa533f5	6ed1c5cb0cdddb70db2739340395322b
77	136b5a23e0dfeaa02cacdd25	fbe1a8ff275267d8a112fa1147fe2b49
78	469e5cd5634e4b37f76e2525	30163228f027abea98b63570dfb98687
79	0991ec250d74c4dd83e2292f	0bd7a3d6e364e0fac5b29e3a5a009c8a
80	4fd2f6d4dc648281c254ac07	ee154ef8d20613a184a431d63a1791ab
81	54abebb464f92535589f305e	f3994cdfce3eac47fb7462e314d34349
82	622c8bdf4f114ba3d34c02ee	a8a36779743211e36d4856c0d083c6f3
83	4059e6f70c9e0030db7aee7f	fdb0af1894a631abb512679b3f0f85cb
84	ad32101aea7389b0ade1d870	3b8c0c5c3ac63dac117817f8b5370382
85	aab9765017fec8be98db3aad	0bcbfd8c6e072ea92f14e9360f187f59
86	5e81341f5f60debb22bf814c	aff4699fafbb6de874c08207486b2976
87	555d2761e42f169d180c1f6a	a076a26ff3004f142069aecf04a332c1
88	f8f07efdd6f98e982c7d23a1	1b6fe3fc35a9bc8c148b4eb48982f027
89	4735bc78a0aa4b857f769d9b	a1ea38b6052dce110c7203eef6474a80
90	66f79d0b1d9f2d6173310ec2	744228b064efdac5344807c062139a62
91	e58a5926d2bc5ec36b8e8b92	6f70a6d042f3aa47a438712e4572b0c2
92	0398286e88f5d7361105b7ad	5ff73419d370b60fdb876c9eb2a6a446
93	2dbda315cae102c77c09258a	0ad3c37a8e5b31ba731244f661b8f003
94	b3e92d51d2558e15fa189a7d	08152bcfc3788ba6d646da9072fee31c
95	5bbea6933cb8fc8a798b16de	ef99bff5c0abedcbc00d702a2aa5e65b
96	de35102adf96831288f65092	c9a2a161ce8a32ee5cd01718e82fdf34
97	46fa71b84b3f3ed46e281da9	9ace6f83ad07809765ae9c9ba3357e55
98	98e9f4822b339df11bab9752	1eefe759fbc487c8e70c1b9391ab59a8
99	d4161fda619e173e80538a8d	2ad8c9334678e05598f17ee56cc9ac09
100	b5daa7e10222a622d9e2e4be	b2025e7d0617dcdf7908b1dd708136d7
101	1a2fec941498c6226b452c63	e714e2ff44957582f6b795707b6fe8ca
102	77fb0c8a245450f75374fe2e	14daaa9c523fbbcefa5194fb1c8d76ff
103	a7f25838e4dca2c9622df3d4	d1f8c5b4d12844c4b6a178492e8eceef
104	e4c813dbec547f77d438cb9e	b656060b461a922a8c2ef290490a3210
105	aa875b6d461f79e2a55dc806	d7b4a1a1233ba3230164792b6adf0f13
106	2d0aeaca039ae90f96ead43c	130308fda0fe4fd7be163e07f4734d18
107	7b884907862d685e24b78fdb	408d0af082be1b4338337279703bf3f5
108	69975ea43dfa239287ca3205	fb83de45244c6ce48bec635e5ed13bac
109	53c0d663f9dd6f6661dcce28	9c376baaba63880935b1115ae9a2427d
110	a0b2eef243cf057f44e50e5f	0fd9ee885472615a86a60077b19ffe43
111	1c1d857ae2669cd8549c139a	b164be854524bf192ff3413a7c00c8d7
112	9312f6ca86871b0e6fe87e29	47ff6b610e1ed81db1c09a649ba8df9b
113	6768e583cbdbb87ddfc37f1b	592d2430d8b4b6f9f2fc2fea0157a245
114	58357244c0d49dcbc95c244b	b7f436f687657049d217b37ccd86c379
115	f56ae7d36631818f22eabc5f	170e96293b745b1405aec24a12352043
116	7127fdef5faa35715f42387e	04d6109a83a0105c17870872f324bed0
117	dd466965237892ce04ff1cf1	9470d52cbb6dcbe00517c88a64f06f87
118	2ad3cba92f58b538dac9d4a3	7ff30367baa4e0e0124919ba72cc6876
119	db05cc01bd899d466e9ca20b	74e21e237e324dc8a425762604653be3
120	a5383ac8f4ccd7f4338441ef	e4cef0d2a372f1dea8034cfdd7e8c972
121	505fab92ea95ac9b3928a77b	032b3a447732ca0e8c01091035efe209
122	468bd1fa1e804a0409a10e3a	b5dcb06d23bb5443879b8957ee303d28
123	25763fd41391ebdd238e1542	bbd5cb1a2de0bdb2a3d6be1ea61e9dce
124	d0e70b52d89d1d232a9749ca	f5fc1fdaf21e5b9fbc94148a3c9cea3a
125	d326e021982986af30a46599	3208f801402bfcd0f9a84887cc29df26
126	842d2243f79aec8e3e8ecce0	21f19480d38a049a63ddbe8d6ac31152
127	6cbceef2f483f5a06811c6d2	cb945a0d68f3ffbd8b724912446dbaab
128	c63781cfec0dbe59e7309070	aab9a216084979337d8244e46c28a9a6
129	ba73bdb5febc561d7891648e	1db06beac4bd7cff03af71b3e014e70a
130	0a30744af1679ebc34b8fc10	ae82b0ae5f1ead4724c638a2dd483db7
131	02ceab6b0b29ec251d06820b	a9f92ab35267d7a05059a857aad755cd
132	314022c3e6f3529d6992b596	9f93f005bfe7ecc2f4bea040fa76725a
133	3e7b3a7feeae88abacc4dced	c98f670940e37d8301d83810fb187698
134	5d7ca88516747af08b16945a	da5f013bad3f0563d4cabf5a3898c3f9
135	c97560728d0faf8eb2de306f	ff2e2ab855fcedcd7322ec35b482b865
136	437b57b8a45e71aa2ea22a25	5af9a55f70e85b46e82536ef32acdb91
137	e61b8eb6213288f87cf12d3e	7254a4dafe7d1cb8faaeca7a3c8ee3f9
138	71f054ba5fcf39751cb42399	6b7594318966dcf83fcb63de19f0fb72
139	26b2483783fd80d13c8e0ae9	c25139656697e6ea71259ac9dd72359f
140	74f379cc0c99e2036bc09c58	4732b53d889d5be004e68e3631a74238
141	7f6740398ec7b8aa4821afe1	daa03bfba88cab0d0a0d07554f1d792b
142	97bc18df7f47522c67a33cdb	4f625d39b719c00477290e6c420d3466
143	a27b7dd723463cb6dc586294	e9c627574060624f628a212541d05db2
144	8d343f10b44239eb1407cd52	f4bb6f36b3b42ec111bfaf9bd3760f60
145	616807f98593a31e7aea7273	b3b433730b127a554ab4aa4d63d0d6e0
146	78a837c02b559dc3a04eb188	bd8306aecc5fb4feedbd55e94f28e067
147	535a0655365169f0c631bd77	9b56a04a41b6243eca54493553c74140
148	9ebac55b96c8189c567d3a9d	a51ede1f80d37220995547a5c65a179d
149	8d75472d05e4ebd0fa272f27	18f73f795c0b2b64379e8cb4e86c8e5b
150	a5ac05bda71d04cba958bb7c	48544d2ee33b5267d93ec91dda092a5e
151	8ce397dc4eacb6890185ac5a	881cd923df9e985b752af5b107dd6a7e
152	b8d3d2fab4a2a89291c5ecf1	70ce91cca740353fa104538241ae44a7
153	3d7cbb418ff3d46f28b3a9c9	6a9e97d1eb64c3028575aa12073996e7
154	c16ff0a8bfb462f8350641c3	7953b6b66288169d1c93c8cb834a2756
155	d42badd983a3f0a36b27e07f	e834ae424cc00ada50b6630a9120aa33
156	384ba8445330fd723aa8d4dd	56d865a78ea341fead3bd8a107f7ffa8
157	75059857f1f8ea2f62980108	62a18f74cdbb33b40727978b1cc91c68
158	d0b2b2743716433e42de4a84	746fa3bf214677df1aa2e25c51a7cc9d
159	aa627cdd1a0a818309b8a37d	75360b51142c706333fee3b652f1241f
160	9996d656ae6ce48d9ccfbc7f	8ebe1c99df6975279477d2e56de80c5c
161	35ca7ab9ed1f57618b4b4595	1c72744890aa89ec464922e9b2e05648
162	66782e5f0e8aba0042f5870d	371c23829c191b95f8a8ce223295a4d2
163	9aaf20b914bc449dce03ee56	85aded693b0e7d562b8566f2b9ab35f9
164	608d1873766fbce5d6663854	6a3a95fd380337075a4db775868fb3b4
165	c26301dd34fff427f54c777a	3d68d9a161437f458ea10f668b98132d
166	c7c2f6234bb8e081adbd062e	674a7994f30c5d54cb4ae3ef31ab6dfa
167	b70be34cc9803ff7293cef3e	8b2597586b6efb14fbfb39e5bcb3b53a
168	3abd5eeb5ed7a4ebf3c55e31	946ad19f09fe3a8c728f85e1a180cebc
169	bea9ce23a222a4c13d944123	d1ce13b3ccefb6059260344e6b466416
170	bee99298b497a6997c15088f	239e1573503dbe0019a3c94c6b051f1a
171	1d6fc302caa4dc703d0517a1	90aed3bb897ba7b1e9c6d8d255e968d8
172	4571fa379a59c1892005b3f5	659c97c5f0e6f99ccc6294c2c99cdfa3
173	4a70de58c34cfd2f026d9ffe	e2d511743933ffd64584698083075e3e
174	6ced3e771c5f5b5b17aef449	a9b536462d4f332bb5ac617bfd1d874c
175	2e3d33dae3eb854e4032c87e	8909019fc4cac0770253fa0e5c76e50b
176	5d0da6915885e0e6717c85a1	67c9abe758abebbb96ffffb3cef09d9b
177	a58ed79e3bc550e977c81a7f	ac61d5aeedd20769213d1a7113f411a3
178	a2de2b091b2b447d6ad993cd	333be76c93e96c9203ebffc5b7669c45
179	dfc02451b45ce8c1ecce2c26	8c3e48e4dcf520b1e004fbd2581d658e
180	97f4d2cbc79a1cf68fb359a6	aafc3d64cbc63e9a95c601264485e0c7
181	1629cccc4d42c45e4f7987cc	c0f548190c971af31fb39d5f5885ae55
182	dbf1f294ac1a4a99eb175fa5	cb00edf0d842d657a5e1b7fd40e9ed69
183	16da9c2422d964c475648fb9	8e7a40677d51c6a175849b49046e1194
184	fa058ade5bc90a627ca40cb6	a590f160018e2510e1a56e2d88d7e9dd
185	5b3efe8a06df03221511a04b	cd982b14b99457397edcbd9a1c647522
186	7291a016041b325e9ecfb5f2	582a7179041e93021573f2802c3f458a
187	ac96f6c646482d204fec38a8	6085b9bfdfdbabe0425acb076fb4bfe0
188	9521f8ff2dc5782dbfa4232a	d656b5cc669f66e71ca97ecc0c67b438
189	65d6e6736c08252891edc345	5facff17d9d8059037e1c221f227f254
190	28ff9b5a70b3e848dc65e187	74e770fb29d53036d041d70e4a08f787
191	be5a211c3d11b15ff1bb460e	8fd04542e72d933d383962626bfd59e9
192	ef95b505116ec5a96c53ecd7	211b7d18ac40e1d096115d7cb6636b6f
193	0b4744f21c03a9a267f74c93	0cc0f372de54d4a507cad91b3829c78a
194	33e02aa93fcbace4d606d612	ded74418bf091794142373c55eec0f20
195	8077e9406d30ef863088b08d	52623b9f9abb7138fad5b2a1cf77c088
196	5b70d9ef0a462ab86761d123	752c056431b074275026eab581a16c7f
197	2a783f4396c232225725d7f2	cb6aaa1988227311ea3cfe5f9bd76753
198	540424ac5b48705c86b19a64	3957c341d1e15b93b0371ec9f9275fcd
199	55337c88a3b0873b695145c6	83842f8603c16456a5a169b960312828
200	67c580b8d774528df3957e3c	3e5ca509a089d958568c18ff5f55aadd
