seed	verdict	end_min	js_errors	failed_ai	harness	capflip	capwaive	muster	musengage	swat	caplost	capCC	capTotal	ccDestroyed
1	win	41.5	0	0	1	1	0	7	6	0	0	1	0	2
2	win	29.8	0	0	1	0	0	7	7	1	0	0	0	1
3	win	25.7	0	0	1	0	0	2	2	1	0	0	0	2
4	win	24.5	0	0	1	0	0	2	1	0	0	0	0	2
5	win	23.7	0	0	1	0	0	1	2	0	0	0	0	2
6	win	28.0	0	0	1	1	0	5	5	0	0	1	0	1
7	win	27.1	0	0	1	0	0	5	5	2	0	0	0	1
8	win	28.0	0	0	1	0	0	6	7	0	0	0	0	2
9	win	33.9	0	0	1	0	0	10	7	2	0	0	0	2
10	win	26.4	0	0	1	0	0	4	5	1	0	0	0	2
11	win	36.6	0	0	1	0	0	9	9	0	0	0	0	2
12	win	26.9	0	0	1	0	0	7	8	1	0	0	0	2
13	win	30.7	0	0	1	0	0	7	5	2	0	0	0	2
14	win	23.9	0	0	1	0	0	2	1	1	0	0	0	1
15	win	28.0	0	0	1	0	0	2	2	0	0	0	0	2
16	win	28.0	0	0	1	0	0	4	2	0	0	0	0	2
17	win	29.2	0	0	1	0	0	3	2	0	0	0	0	3
18	win	24.8	0	0	1	0	0	8	8	2	0	0	0	2
19	win	26.9	0	0	1	1	0	6	6	2	0	1	0	1
20	win	26.7	0	0	1	0	0	16	10	2	0	0	0	2
21	win	31.0	0	0	1	0	0	3	4	1	0	0	0	1
22	win	23.0	0	0	1	0	0	4	4	0	0	0	0	0
23	win	27.0	0	0	1	0	0	3	2	1	0	0	0	2
24	win	23.0	0	0	1	2	0	1	1	0	0	1	0	0
25	win	22.1	0	0	1	0	0	2	3	1	0	0	0	2
26	win	24.7	0	0	1	0	0	7	7	1	0	0	0	2
27	win	23.8	0	0	1	0	0	6	3	2	0	0	0	1
28	win	26.5	0	0	1	0	0	3	2	0	0	0	0	1
29	win	23.0	0	0	1	0	0	2	1	1	0	0	0	1
30	win	27.2	0	0	1	0	0	5	5	2	0	0	0	2
31	win	26.3	0	0	1	0	0	5	6	0	0	0	0	1
32	win	26.1	0	0	1	0	0	4	4	1	0	0	0	2
33	win	24.4	0	0	1	0	0	3	3	1	0	0	0	2
34	win	30.4	0	0	1	0	0	9	10	2	0	0	0	2
35	win	33.5	0	0	1	1	0	5	4	1	0	1	0	1
36	win	30.6	0	0	1	0	0	8	9	2	0	0	0	2
37	win	26.5	0	0	1	0	0	8	7	1	0	0	0	2
38	win	28.5	0	0	1	0	0	14	7	0	0	0	0	2
39	win	31.7	0	0	1	0	0	3	5	2	0	0	0	3
40	win	26.1	0	0	1	0	0	8	7	1	0	0	0	2
41	timeout	45.0	0	0	1	1	0	12	11	0	0	1	0	1
42	win	28.0	0	0	1	0	0	7	5	0	0	0	0	2
43	win	22.1	0	0	1	0	0	2	3	0	0	0	0	2
44	win	27.1	0	0	1	0	0	7	7	1	0	0	0	2
45	win	29.8	0	0	1	0	0	9	7	1	0	0	0	2
46	win	26.6	0	0	1	1	0	7	4	1	0	1	0	2
47	win	28.9	0	0	1	0	0	5	4	0	0	0	0	1
48	win	26.6	0	0	1	0	0	7	6	2	0	0	0	2
49	win	33.2	0	0	1	1	1	5	5	0	0	1	0	1
50	win	25.9	0	0	1	0	0	4	4	0	0	0	0	1
51	win	31.0	0	0	1	0	0	8	5	1	0	0	0	2
52	win	41.5	0	0	1	0	1	15	5	1	0	0	0	3
53	win	23.9	0	0	1	1	0	4	3	0	0	1	0	1
54	win	28.7	0	0	1	0	0	5	5	1	0	0	0	1
55	win	32.3	0	0	1	0	0	9	6	2	0	0	0	2
56	win	27.2	0	0	1	0	0	3	2	0	0	0	0	2
57	win	27.0	0	0	1	0	0	8	7	2	0	0	0	2
58	win	23.0	0	0	1	0	0	2	2	1	0	0	0	2
59	win	23.0	0	0	1	0	0	4	1	1	0	0	0	2
60	win	32.2	0	0	1	0	1	1	1	1	0	0	0	1
61	win	30.1	0	0	1	0	0	7	8	0	0	0	0	1
62	win	27.4	0	0	1	0	0	8	7	2	0	0	0	2
63	win	41.2	0	0	1	0	0	10	10	0	0	0	0	2
64	win	34.6	0	0	1	0	0	7	5	2	0	0	0	1
65	win	40.0	0	0	1	0	0	7	6	1	0	0	0	2
66	win	43.6	0	0	1	0	0	16	10	0	0	0	0	3
67	win	24.1	0	0	1	0	0	4	3	2	0	0	0	1
68	win	33.1	0	0	1	0	0	7	9	4	0	0	0	2
69	win	38.7	0	0	1	0	0	13	10	0	0	0	0	3
70	win	39.0	0	0	1	0	1	8	6	1	0	0	0	1
71	win	26.8	0	0	1	0	0	3	1	0	0	0	0	3
72	win	33.1	0	0	1	1	0	7	8	0	0	1	0	1
73	win	24.5	0	0	1	1	0	7	5	2	0	1	0	1
74	win	27.3	0	0	1	0	0	4	5	1	0	1	0	2
75	win	24.7	0	0	1	0	0	4	2	0	0	0	0	2
76	timeout	45.0	0	0	1	0	0	14	12	0	0	0	0	1
77	win	28.3	0	0	1	0	0	5	7	1	0	0	0	3
78	win	23.0	0	0	1	0	0	1	1	0	0	0	0	2
79	win	27.4	0	0	1	0	0	9	6	2	0	0	0	2
80	timeout	45.0	0	0	1	0	0	15	14	4	0	0	0	2
81	win	27.5	0	0	1	1	0	8	8	2	0	1	0	1
82	win	24.6	0	0	1	0	0	4	5	0	0	0	0	2
83	win	26.9	0	0	1	1	0	3	2	1	0	1	0	0
84	win	22.5	0	0	1	0	0	2	2	0	0	0	0	2
85	win	24.3	0	0	1	0	0	4	3	1	0	0	0	2
86	win	25.7	0	0	1	1	0	8	3	0	0	1	0	1
87	win	32.2	0	0	1	0	0	13	11	0	0	0	0	3
88	win	38.3	0	0	1	0	0	11	9	2	0	0	0	2
89	win	33.7	0	0	1	1	0	8	11	0	0	1	0	1
90	win	24.7	0	0	1	0	0	2	2	1	0	0	0	2
91	win	29.5	0	0	1	0	0	11	9	1	0	0	0	1
92	win	25.7	0	0	1	0	0	1	1	0	0	0	0	2
93	win	26.7	0	0	1	0	0	3	3	0	0	0	0	1
94	win	24.5	0	0	1	0	0	3	3	2	0	0	0	1
95	win	31.5	0	0	1	0	0	4	6	3	0	0	0	2
96	win	29.8	0	0	1	0	0	9	4	1	0	0	0	2
97	win	24.2	0	0	1	0	0	1	1	0	0	0	0	2
98	win	25.8	0	0	1	0	0	3	2	1	0	0	0	2
99	win	33.6	0	0	1	0	0	9	9	0	0	0	0	2
100	win	23.3	0	0	1	0	0	5	3	1	0	0	0	1
101	win	23.2	0	0	1	0	0	4	4	1	0	0	0	1
102	timeout	45.0	0	0	1	0	0	14	11	2	0	0	0	0
103	win	34.1	0	0	1	0	0	10	6	0	0	0	0	2
104	win	21.3	0	0	1	0	0	2	1	0	0	0	0	2
105	win	35.6	0	0	1	0	0	6	5	0	0	0	0	2
106	win	32.0	0	0	1	0	0	16	9	0	0	0	0	2
107	win	26.1	0	0	1	0	0	5	5	2	0	0	0	2
108	win	30.5	0	0	1	0	0	9	8	1	0	0	0	1
109	win	27.3	0	0	1	0	0	9	7	0	0	0	0	1
110	win	38.4	0	0	1	1	0	7	8	1	0	1	0	1
111	win	36.4	0	0	1	0	0	4	4	0	0	0	0	2
112	win	24.5	0	0	1	1	0	4	2	1	0	1	0	1
113	win	41.3	0	0	1	1	0	7	6	0	0	1	0	1
114	win	25.7	0	0	1	0	0	3	3	0	0	0	0	2
115	win	28.4	0	0	1	0	0	3	5	0	0	0	0	2
116	win	29.1	0	0	1	0	0	9	10	1	0	0	0	2
117	win	24.7	0	0	1	0	0	5	5	1	0	0	0	2
118	win	25.2	0	0	1	0	0	3	2	0	0	0	0	1
119	win	23.0	0	0	1	0	0	4	5	0	0	0	0	2
120	win	28.6	0	0	1	0	0	1	2	1	0	0	0	2
121	win	29.5	0	0	1	1	0	8	8	1	0	1	0	1
122	win	24.4	0	0	1	1	0	2	1	0	0	1	0	1
123	win	41.6	0	0	1	0	1	9	9	2	0	0	0	2
124	win	23.0	0	0	1	0	0	3	1	1	0	0	0	1
125	win	28.0	0	0	1	0	0	5	5	0	0	0	0	2
126	win	27.0	0	0	1	1	0	3	4	2	0	1	0	1
127	win	33.0	0	0	1	0	0	6	5	0	0	0	0	2
128	win	28.0	0	0	1	0	1	4	3	1	0	0	0	2
129	win	28.1	0	0	1	0	0	5	5	1	0	0	0	2
130	win	26.0	0	0	1	0	0	4	4	1	0	0	0	2
131	win	22.4	0	0	1	0	0	4	4	0	0	0	0	1
132	win	26.3	0	0	1	0	0	3	2	1	0	0	0	2
133	win	24.5	0	0	1	0	0	2	2	1	0	0	0	2
134	win	38.4	0	0	1	0	0	8	8	0	0	0	0	3
135	win	28.0	0	0	1	0	1	2	2	0	0	0	0	2
136	win	24.4	0	0	1	0	0	9	7	2	0	0	0	1
137	win	30.9	0	0	1	0	0	14	12	1	0	0	0	2
138	win	26.0	0	0	1	0	0	2	4	0	0	0	0	2
139	win	33.2	0	0	1	0	0	7	6	4	0	0	0	1
140	win	40.3	0	0	1	0	0	9	9	0	0	0	0	2
141	win	33.6	0	0	1	0	0	6	5	1	0	0	0	1
142	win	28.0	0	0	1	1	0	4	4	0	0	1	0	2
143	win	28.2	0	0	1	0	1	5	4	0	0	0	0	1
144	win	31.4	0	0	1	0	0	4	5	1	0	0	0	2
145	win	25.4	0	0	1	0	0	3	2	0	0	0	0	2
146	win	28.0	0	0	1	1	0	8	8	0	0	1	0	1
147	win	24.2	0	0	1	0	0	5	4	2	0	0	0	2
148	win	30.3	0	0	1	0	0	4	4	2	0	0	0	1
149	win	22.4	0	0	1	0	0	2	3	1	0	0	0	1
150	win	26.5	0	0	1	0	0	8	6	2	0	0	0	2
151	win	34.9	0	0	1	0	0	18	14	2	0	0	0	2
152	timeout	45.0	0	0	1	0	0	27	21	1	0	0	0	0
153	win	31.2	0	0	1	0	0	4	4	0	0	0	0	2
154	win	28.7	0	0	1	0	0	5	6	0	0	0	0	2
155	win	25.3	0	0	1	0	0	5	4	1	0	0	0	2
156	win	25.1	0	0	1	1	0	8	5	1	0	1	0	1
157	win	23.0	0	0	1	1	0	4	3	1	0	1	0	1
158	win	29.5	0	0	1	0	1	3	3	0	0	0	0	3
159	win	31.3	0	0	1	0	0	7	7	1	0	0	0	2
160	timeout	45.0	0	0	1	0	0	22	20	3	0	0	0	0
161	win	28.0	0	0	1	0	0	2	5	1	0	0	0	1
162	timeout	45.0	0	0	1	0	0	45	48	0	0	0	0	0
163	win	24.3	0	0	1	1	0	5	3	1	0	1	0	1
164	win	22.2	0	0	1	0	0	2	2	0	0	0	0	1
165	win	40.4	0	0	1	0	0	39	35	13	0	0	0	2
166	win	23.0	0	0	1	1	0	2	1	1	0	1	0	1
167	win	25.4	0	0	1	0	0	9	8	2	0	0	0	1
168	win	28.0	0	0	1	0	0	3	3	0	0	0	0	2
169	win	26.8	0	0	1	0	0	4	3	1	0	0	0	2
170	timeout	45.0	0	0	1	0	0	14	11	0	0	0	0	0
171	win	23.3	0	0	1	0	0	2	2	0	0	0	0	2
172	win	35.8	0	0	1	0	0	8	3	0	0	0	0	3
173	win	33.5	0	0	1	0	0	5	6	1	0	0	0	2
174	win	20.9	0	0	1	0	0	2	1	0	0	0	0	1
175	win	25.0	0	0	1	0	0	2	2	0	0	0	0	1
176	win	29.8	0	0	1	0	0	7	6	1	0	0	0	2
177	win	32.1	0	0	1	0	0	7	7	1	0	0	0	2
178	win	25.9	0	0	1	0	0	6	7	2	0	0	0	1
179	win	33.0	0	0	1	1	0	14	12	5	0	1	0	1
180	win	28.0	0	0	1	0	0	3	3	0	0	0	0	1
181	win	34.7	0	0	1	0	0	10	9	0	0	0	0	2
182	win	31.8	0	0	1	1	0	8	5	0	0	1	0	1
183	win	30.0	0	0	1	0	0	8	5	0	0	0	0	3
184	win	26.6	0	0	1	1	0	1	1	0	0	1	0	1
185	win	23.5	0	0	1	0	0	3	2	1	0	0	0	1
186	win	22.5	0	0	1	0	0	2	2	2	0	0	0	2
187	win	24.4	0	0	1	0	0	3	4	0	0	0	0	1
188	win	26.3	0	0	1	0	0	5	5	1	0	0	0	2
189	win	26.5	0	0	1	0	0	12	7	0	0	0	0	2
190	win	43.0	0	0	1	0	0	6	6	1	0	0	0	3
191	win	28.0	0	0	1	0	0	11	5	0	0	0	0	2
192	win	34.0	0	0	1	0	0	9	8	2	0	0	0	1
193	win	35.4	0	0	1	0	0	26	24	0	0	1	0	1
194	win	39.8	0	0	1	1	0	11	10	1	0	0	0	2
195	win	23.0	0	0	1	0	0	4	3	0	0	0	0	2
196	win	25.1	0	0	1	1	0	2	4	1	0	1	0	1
197	win	28.0	0	0	1	0	1	2	3	1	0	0	0	3
198	win	24.0	0	0	1	0	0	4	4	1	0	0	0	2
199	win	27.2	0	0	1	0	0	4	4	1	0	0	0	2
200	win	33.5	0	0	1	0	0	11	8	4	0	0	0	1
