1	cc1c3de0193b3b120e1eec93	2f7aef1ba1b9cbaf53e24feea76d6f28
2	eefadbfa4e8ba217765fdc30	23782bbe546f7a49233aeba72bdeb55d
3	6491417f5536d9f5c8637a30	07c41966ba22f4637f31fb5864dfa7e7
4	30354e20e517812dd35a02b7	e500473f2cabaaf641086787af760e0b
5	e14b79fe849ab3fa295a3b7f	3e6db8c946e6aaa8eec6a027eed417c9
6	482035c00d0ead203b86c541	0ff486e0b131c5cf2011dad90526ea02
7	98c46a5a2613e9fa7da17613	967de49c97db9f7442f87b9db7e32335
8	68f00451a9dd1e205f1beac2	2b3f6a365b4515b470fb8c58a3a8d8c1
9	3fb96cf8fb7fceaca56975eb	ce6107ece73ba90c04e16ab479ea0646
10	b246762b2b3d644134acfbdd	fc39bfd41c2accf74be058ff49d4a5ac
11	1365c0e94afefd18fb8e2a72	4fe4906b0608e14402a8ca4c9166792d
12	9772ef0acf4df78789ffa74b	173589222bb4efe08de669d696999956
13	334905ffb87a2a20a3521b76	e64af11ea69b81b9c1333ac048f809f6
14	90185eb38c69717acf282020	1097454d99a605c4246d66a6aaf04322
15	c3f44b4ba33253454e5b72c3	691d5b0cedad7268eae3779e18432418
16	f528ff2c266b7a5472910593	fe46020a13f6a0a71ffd1b57c2e28f0d
17	6bdd10aaca53a08bbefa80e5	da8ca4e24b8e6ef43a8c007599ce7681
18	be2a2b480076284c77aef685	787bf2c475cac5c03ac77ba6b02a5acb
19	5f8049530bfc8ded07f436f2	9bc352a9b86be60e1295ef8a40ab57d6
20	5c30ea53cd6ce308ae9066a8	da1cd05779107dd91355d7420a6043dc
21	143783c8103dd3f64bfb2126	ef6d218a723300b1cc5eb0af829fb35d
22	f51f32aef6bc8d3a91945151	5b8b36698ab18215a1bb950c4a6f931d
23	94c1f20b6b9d98a202233f5c	6cdd79af2b0f9883bc68c1a35da3b18f
24	14077e8c70ebe38b4d951371	dc40473f333c4a2bbafd01695ddf5ab7
25	83374626052e994ddbfd8a62	3c036aa38f7c81da26e4379d81e9da30
26	bdd3c90acec4b9c02fe80e42	a9dcd48a983188a20e97554b0861f03f
27	64dfa467b0d814840cf61a12	913a756f36b8fae50249bf166e299324
28	549782a4928e56e19db10018	bc1de3b307e6e7bf75cad7559e917078
29	8ddc3592f1a200b2d05fbd51	fa9c73cc36f2dfee51d95296b40d837a
30	dbf70bff66dc90ce8543119d	c07a746f469702d5137d54b0bcf1c493
31	8b83ca92e5c4fcc099f64146	363b8bdd5ec608784847e3a9643136aa
32	bacd4b53574481c1f9504dab	bb2da24800d44cd0a1ace0be659c2f0c
33	4f4a595a5c3549c9987333f7	fbf4efd04f6dcdf37792afdbc3d603a6
34	5cae4c41b739dcbd90f6e433	c9a37cb9c30e8a3d7ae2d466d74aa64e
35	3ad6b31bce5831aa0697545f	408eeecd03d81d690db61624512bb12b
36	e2a0efc959e57b632c72d952	5689b02688c90c327f9a9fac4a0908ba
37	1c58c77cc7e6bc877692c066	4a659e16cd75ed9c15f52f500d9fb090
38	8e6d3d7c6910783358ebc394	7b3c6da2e2aaf3d56218a080e3800590
39	fea9040a6638456ab65784f6	cc7244383a57a26291ba15f4678163ad
40	76d78932c6ebe4db63b30b84	41fb19d1aaad9e2a76f20f1faea6688f
41	0dabbf1c9977855fe895985b	d6919a6ae0d0e0618ae58d72982d1c88
42	750000e1f687dfc801a5cffa	455664188011543dff722f4a41e1d8e7
43	d5e4e7f0e9fc10fbfbe9b568	0c5938d4c40212483f70132cce7faa21
44	757fc109fbefe338886ab1dd	11c090e1c47355844a2c132110a986ee
45	aeb008069fcb9e5be0c6d6e5	79383291a8170643397a1ec61b4398c0
46	d181e633dadf96a925baf8de	fd35e681bcec2b1b383bf6c838ee797e
47	6a8a1aab9ab7160b1d41b6ba	e8f73b4d2bf7978cf5294f58a0a4679b
48	17f4affbcdd1fc2cd1f56380	ab0060643db99556befa47b4c8a0a76e
49	f0465386dbc354fa275d77d4	39668c2fa09ae05b65e401a25dc7bb3e
50	2d81949e949b701d9bf29eca	e5c17d7d6754148d6be8857fc37c18db
51	a1c813fca2e51c48e559071f	100420002602796ef50648ea5b40f3d3
52	0905247cf934aded47d2ab52	9bd00aca0efad913e474e90178a50ac7
53	6f822fbdde75ff9e974ffee3	c67640aa0b32d693a098f42ec39919a1
54	b805dc4b4bdc6682b87806b4	4842908995a92bb07e1b03ab5c3810e8
55	2264925e2935a0beb5ffd55d	7cecb5b2b41f60d4fc583590074e9172
56	19579a495e6f3e123204efad	edadaad5e95fd177dacbf81d61702198
57	0ab20638f7eef3d91771baaf	a2a8a48765777bed3257445c6a38bf31
58	c96073882fb4de467e3097e5	1128b01ae2b6b531c876538fbe1c38d6
59	3c93205cfec238954b273fb4	59138e51649ff4ffabc8091e82be0fd8
60	965d6f0b409d869bce81cae9	28c9d3790b8b9b08bc9c42dd8d28ddc3
61	87a148f1fab0cf654b0dfcd2	021069a5c8b1095432d10432acc05d79
62	50d5e3ef6c5072dd57a0c512	5a5604443bf75e0d4a1fee5bdad58b64
63	17fbe60a95b306c2da2480e4	fb245212df6504c1befa86f9080ed526
64	bd2224a27decbb98f2b5fffb	cd5a36542852a9947a3150ce327c5232
65	adbaa4ddabce876e94a43df9	71cc7077ad7d38784369f9034555b22f
66	dda8c8af786b426051b448bd	5880f6b154fa2a6aa59af855a91798c6
67	c60e924f8464374b7cfc9124	b5eaf0be9dbf0007b25c636bb9c0039f
68	44394b229c660fbf1dcb1f0c	21bf7f3a60265fc173472fbdad968050
69	381f94d8f476e104d831fccd	0a31485541580502b317fe1b87510b2b
70	8f595ae8c66951bfaf252751	c51f0c099f559c6462d9e84194a3d8e7
71	ec597e766f9a7f62f20d98f1	7e0d0c6d1221de5ba244738b811180fa
72	4c02838aab9271caad06190c	505de09db703b7d45a63359a02cbb45c
73	012c20474eb16c28fe72767e	6e62589378600e1fdf6cf2233844685a
74	4efdf8f0eec11971da88b67e	20e404c438aa05a363e16899837eddf5
75	82f2896e6e50a2b9ca6ef53e	1dade2294cf3af247cd83aa1f61c3660
76	620a2b962f4ba231264cae68	eff670848fa69a5b6e43a622a1a7c242
77	2accfd3cdebb3b4ef637d23d	02886eccafd3e95e500a4d4f0ca9edc2
78	759149b1771c7fac7e0c303a	fe92eaa6df98f724e774ea7525f12025
79	3a95fccf347a922a92d9cdd6	bda4f5ea7a61f84af0dfe7389bbc7f2d
80	2309c612491100947e565dbd	5c75ef319ec6589d4606614636af61a5
81	0a100636dd8f85ea175b5c7d	5f9b696fb74e14a70e2a232033c0b3d6
82	11964ce0ce6355c41af74917	d692dfbb7f5e54627c5bec3aab0b2cf8
83	463af9218bf40c5dbe2a11b8	5a530626fb562a9806ddc8a89194c67a
84	a78400fcd8063b8349ffcecd	7f7cd18cef8dca4c025c8b24358aae58
85	f2c82d5fec9fdcca2c83d716	02c39ee3e699b88c2fb1b7bf53ecaf86
86	ceb231d11ec6d73a14e66bc9	fd01e79d1897eaf02ca41e79681f58b8
87	cc6c09897d7c74b0386735fd	66c04780ff58dc16a86f2a3f080fffb9
88	2c76a51f78e4eee9b1d117de	aaa26bd836857eb37fa712c4f7b3c6f3
89	331074a0c1d86dea0fea0ea9	9d163210bb4b6b3cd53ce88400a3485f
90	4877d25cdae1a6b676799737	7881d837b71b17f2ff94cb46141aa688
91	3bf0282ffa46e7d366307d4f	d756321cd99e3ad6591b82e72004dd71
92	dabe9bcba401aa8f1008964d	bb2c38b9b97835fb8cec7db84254d7fa
93	152f98f47f49760ab35ff2cc	e156322c73e06a8fc40a56be1a3e6530
94	8b3a9dfb180932a7246c4dad	904b310d3f5e69407517f521de424d31
95	9ecc8ffde72ca7e43ee97572	ae1c9aa64b7c946a293a1e3e6d5723c3
96	cc031ab16cde8fe339b33818	c5a95701a3e4daf5bbbf7c83249d13ec
97	27b7d5cd795f57c45b2f021e	b8fa02f564940fec9b81fc2c9e632b91
98	9bd635c4dbead28e09081108	8923d2a44a19ab66b5b99ece57622556
99	c57b5476e22527803e8d4c56	aa3c59b40e24a7b260cd706b1699a6e9
100	204fcc15a6a1b9b2ed9ed2ad	9e64cc1d2cac5863ed9663b213bedfa6
