1	5e54759b78018259664406e3	de2eb6eb8bcfeb68f22ced29a796118b
2	403f3ea2ca755d47cc481ca7	43a5f6d74a12ce242354009378e5b94c
3	6f77d35fa9eb748abbd1470e	89ce815d21f3f3c87a36b20644779909
4	5c5fee3ccfee2cf1c561e6c6	27cb5f77d8c7f8417edcdf751fe7ce0a
5	172345d04a9bf5298b0bdf21	d9eee96faa9c9da65be1940bb1346b47
6	b0af3379deb753aee2fe4d55	32e1b6abbbc1effae37c98358fb4a3df
7	63c3430bcc7574ea9fb13687	3be32fc568a17efd9a39bde90b67a852
8	d93f7f0eff0f21f18f096c78	b233f15405d443d6f446399a054bf06f
9	47755ddf3303766ca49b4859	347c97b2fba0f1225f81eb637665a00d
10	724630051a48164c61af4593	fb015a654c4f3c05ff90ffda99040077
11	1fe9ae9d42cebcb1e567ae9b	637c8baded15bcfc2cb91c97e5d0efb9
12	8c47c08d60d927b219387f56	acea44e006c99e122942b4d79d1cab52
13	f9f800552e2e4f8578775a9c	153b8c2ded26f9f1d3eb48bb9c48c997
14	cb631788b380de6ac7adc79b	6e9705185ab700fa88a6fef5d225f697
15	9f7852a8d19b54f93de21bc3	0c8945c6932e9cca33979a73f49fa84c
16	169d915301d0d59afaf66496	ef8804bc71144f5f5ac55f3ca5425e54
17	27c9d5e2b49a61bb736b112d	e8691b09463da28f5a2e0e17fac1c361
18	c9c4c5c494891e0cfb597888	32fea4ea34ede0e4d77915b885dc96d2
19	8f4ac623c1dcfddbbe961875	4157bab03c17d85fbb07e09e5c91e4d7
20	2de02930044f6c496aad7a96	9151c5824e8cde38671b6760955ac33b
21	262faf78778c8010ae9639b5	0512c5f33b54138783aa0c4b40cd45fa
22	9b319a2068bd9da5da496fc5	5861db7452a5b5e306c4e038f523df17
23	dfb0eca7edea15ac29ffaff5	112dd9e25852b146d0fe9ccae98c41e0
24	49573934232d7d6690669fec	176abd071858d997b877cf0f88b43964
25	898ed9db15222d87e5a53e09	cbed1248b4431e46870cb545885fee98
26	034aba752ae0fe547be30558	5332b256a6347c0988aab8af9ccf7f22
27	c368a20c62ba02f5c7062afc	902cb41412d73fbdeffbe3685434eba1
28	2bfc85a9284ef2aa1be8725e	dcd27e56b9dfcdce3efb56ecb47499be
29	3d010fc5b3c5410ebb8c09ca	45f88257a37058ed5e899355727a02e5
30	2205a5305b50bbb23ddd6d06	7b0b2a03be692ca4a7cab3cc47f620f7
31	c1bdae3aa5fc2668d9186fb4	0362d1db7848c81326dc2796d35901f3
32	7b41c406e80ba10a9fc7d5ab	2782a540b80ec4851b19ef01dbc52e3d
33	e09f2ba6c5e9a5453c2f46ad	09d07e9c5b350aeff46621fa8fe84ca7
34	ec2d043a5d04937af56ee93e	41050c4635f4e1065375d4d761996b45
35	951bee9b3e9186a6d840cb0e	951e43b5c2ab4043cca238668d139cd9
36	c3e6e5e4c3e88df24cef565d	8317b300513a372550d696835c9d9ef1
37	0142fe53d90f7348b2c58dd4	3323c4c08986115c182dcf0ee864d4c7
38	c6e3744d5bc4eba572d439f6	3528cc3a18bb8e3d0cb6664a1ba736fa
39	f15a7018a29c09ee8b68ffea	9c3cb2d1d93fbc30ac869829ff3742b2
40	9a31e12cf8069668c0039a19	7a7b4c84f792e26dcc4b68e447a1969f
41	5b8730727980b78d5c269516	e533eac41de5b2bab10d3a23cedb7460
42	f3e36fa90c5e2727e6bc62bd	91cd15c7fd2ac46e39f15ef84eef3f87
43	009b2693419ec7b50b42b4f8	f426408814a753ef07c3cb01c0307716
44	d8b6673da2a271974b8594e1	8fc8fd6a1c55b7efd45d7d6b71e1140f
45	8c3ffdf7d031200f3de0fa9a	09dc74f38de459c5e6450eef447dbb75
46	8661a362ea63342082697ae2	30394ee3d551c118b85c525e655d7013
47	a26c8e757fe7f5a1e41aba5a	ee0b98c66a228179b3296c4744b42e57
48	88c2c8c9c6307692db78d250	e641e33539a9fd484233638c88c2b916
49	42586d62bc8743189a7de915	cc4441a5dd2b2482153b6f1a47b23b5c
50	812668c9c4d98f20aa2786e5	e9673ee3d77ae6e81f35bdb93b664d72
51	41277dc193220006d37eebb5	8241423ca741a613391c5816bcdb9885
52	1582b9d90513b6b3533b2dd2	7087ce90600a949788b4221e840d7abf
53	d22a37098be8864af31fcc73	01f1fa8daf30e045c65cf798035337d7
54	4139a2c49d12c70070fd6b74	7f9f9fee1b0f3fc79b4ce15bbc0e3972
55	a71f10f46437c48cd060479d	a4bbf737a5d3ceed59c19c4e00fadf2c
56	7c2d09769f8e4f69f2f35729	90ef597ff2161ca9525b316c88245c7d
57	331a83f1731fea1e1e8aa58a	730abcfea6ac8247ca84cf8082ceea75
58	b3ea8a53620802a75dc53705	0eec35b6b4efa60798e2956848966ef2
59	bdc6a49665a00404797f4f09	e0fc5812f6e23e3458d8a4d62839b8c5
60	fc5ef8e08209a4a366551b3e	d1524092105ec88439bd5edb00031a6f
61	9861d3c5dd6e2b6b82791a91	aa91e1d55a3f86019ff8a0c0977e47ee
62	0990bc5e78e9aa6bb4027ea0	efc2fc5dbd165a14c14f4605a11283a8
63	8988d9ed41c4ba02577d87bf	bd7be1b07e1379bd6eca9cbf036188f4
64	69224de0d218d0b9d4477e7d	9b959126eb2b8b189e165f1e1725f28a
65	49a5c05837532ac1ae417b98	df9fb3553c8160720cfb242ea6a076ab
66	12da87bc5b3360e6699257de	c09d5a39bebd4577776da1fc73989e06
67	22060c494ea678464156c935	37ccc00e71de684a0f3371d899bdd328
68	e05cfd196d37122fe3bc4ec8	1349ff307530554d1b0d91a62358ad72
69	fbab386dd9e31c5b9d8de926	9c213e6fb72ffa9831a2214ec52a370e
70	c8c211d7009bacf39f1f2b4d	23d9ef2f5eebc87d82258570bebabd87
71	20a0dd2f60da0b607912939a	fdaa2eb2c86788623c1b30db3bd231d7
72	8cd279c056feac9d66cc00a2	5cc848c4def310c51cf257e8bf14b9f4
73	8f0320887057114e1772f67c	f2cdff997319a1f4660142c39be1b195
74	43a63b565a9584d1376afc72	434c9c32b6aab3aef94a583fb501dcd8
75	1b235a0a2236fc11a30c8a35	99f91dd366bd931c9025ba9e97e04e7d
76	411d0ee192181eb7c7905f06	d8cfc8d7013c5ece08ac4ded86faa81b
77	022f5d995a569676976ee25d	d7416f364a1cb31a1e567f5946548a3d
78	946ef9fd94759073f14c8ccc	d19cf6c0137d6cccc1ff19ab427552e7
79	d72d832a7c07430f7c72365a	6df553593a7cf884ee871bd761517318
80	00821047ec2eb55465e2c8fa	99924287e64a51d5afd53515d0871496
81	dab96e3f533dd54d132306cf	7b5cf2b1b76a679c0aa522b434f816b7
82	b37c222929f49420dac75a25	8970892b9ebff09231788f99fe491aad
83	bd8d24eca0f84d8c419aca42	828369d30faa55226d3afa57ef6eb202
84	93d63a485f0e395c78753ca0	147af057bb4e0652e79f6e54b87a06a4
85	ea7b29f5fea05b47470aacf7	322ac5c9a4e5c231049f05e9f4c0748f
86	1793235a7719c4381fdd81e2	16ee59e62648f805e32f874968cb5c25
87	70e68a2e64d66ce31110927d	ff5cf4cf6c5871e022cd15847c6aad92
88	0f099b43b1897789d6475c12	55b2b134c454face5b2bc5fc614b908f
89	53cc959f41d3fb85bbc821f7	af661afa0789a5c92c6be5064ebe3ccc
90	0d2ebae6f5e51fbf8f62fe58	66df66260956ae479b92999bba6e9856
91	9526c87b124f5b7570d539b0	93ad285d2453f3a1d524f4b663c9bd0f
92	a6f98e3eb473bfbc0489fe6e	e025c96959f8dc48d4da2b1ec49a011b
93	1bd598e17b7d1ada6730054f	ea2659e2690a72636b99c86990c82e49
94	3b2919b88cbd510e8e1028a2	85f6ca134bdbacd88898b565ed67eee4
95	0b49c87ec4bdff8b15bfacbb	0e1be0c78ef8432e526192725165f703
96	b1fdef8403ceaa89761816de	30b2183979873078a7d1513b810615bf
97	1e247b572baceb43129493c7	1a1be42ddb07d3ae313b1453c47ea49b
98	29e6de1fe4a0dd10bf4918d5	8c101134e3885882c003d22f72826307
99	0fdfcd60bb0bf471d605ffd3	31773b68db2516fd93335425696f9943
100	b9b9de5ebee8799506491f21	d7a5690e7d11e47fda65ddda4cf2ea06
