1	6c1f09883a321fdd74f7f371	0c5671db6680d2136dc475018ffdc716
2	7707176441db842395fc3ee3	cc8ed456cc4e7db5741bd7075fe3c3b8
3	c5080f668bcc7ff24bb32d1d	d60984b05cbb147f5efcf814fd775e84
4	5c8eba90001a98ce8a44915a	f884a8e68ef0e5a118cdd22a365bb326
5	bbd3a37a4f18fd84ab2dc035	b7c059ea585b6179ca0b3f37d5ee50d5
6	af26da76792f930169f95032	0387e51ca879ee06eb586bd28612f677
7	fc9fc32272e6c34bf8067b2d	e5abb5936d70d94e471903d12274039b
8	98065d5b0d36bd97b15dcfa6	cef846dc7beb15b23cc6e52848d82966
9	4e3586ab7d09ad4079602b5e	4e7174cfbdd356e542935d7984aa76cd
10	92d52c3ca7ba78518b7d146b	4bc62cd7a63bed8eacbffd0047aea851
11	7d828bf718b3cdebaa74ab75	34505c568ced861c751d3f64407b8a06
12	92f36613e6cfaf2c2aee657e	43d53f7b8672063c5fa1844a5a655b32
13	c107ba50966981f4851de1cb	02f57186aee75e74c4381f1486bd7fce
14	0587b71a1c2d73ad6a372975	c805028433afdbf17623a8a52e1e2f8d
15	c2239700d508767ee8a485ea	9621300cf69c7e4572927c7672bebd16
16	ca9e5035badbe38966e7ef1e	51e8aa27657e3a32730350ac863b4a78
17	36772f654efeaa862db78789	ecf5af861d273f4f5fc1d92598fd12ae
18	56a5a47daebd1a1309417b50	80fc358e461b560f5ba85714104408e1
19	283f10b797841359c5c3013b	5ed9b990c0c75faa48f2b934b027b9f7
20	8f2ee763b0ff0416753af918	6dd507d55027641dde2f55ae4e2a6e8a
21	a161f68e4dcd0f0d6a00bd0f	805f5db07258e9d87d3eaa769e66af60
22	9c13232c522da38c5d643fdb	8fdb41c054298c53b463fa8de10ba376
23	d75d2acba207f20c5af35d87	ff0a68773c20b42cd70a10a647e005a4
24	e74a949c5dccae60d72f6a42	6c9674746958d1d255a058fb705f0916
25	ff901ae8580c74cc447903c8	4155e297fa9645393082cfff2ef2376b
26	c59792c0fa13546fe53b13db	3e1786c27236b859115907d847c4741e
27	79cf1b529992f172b98f4291	a3fb51ec5bf5d7f3f9624c2869931b27
28	c701c518871286fdffcb3c64	32078f138d91b6d383f24a1b416011a0
29	d85ad297fb01ee4423420286	a569d85303bb953f690926bbfd7059ec
30	1750ecc32ecd3ed6c5744dc3	7b60cc6ce578609ac04fd7d4c56f5790
31	13839025d92fda634db81a36	b48924ac59cbb2bc6bae264e4802c23b
32	9205a14a0538513310debbf2	dd4df6a4618524efa0c723c3fa3e1591
33	e6936d1a642e93dc2dcb2699	4ece64b61b10c9ecf81b1ce01f9a279e
34	0d29ab116c5464458ed4b0e1	ffa0ca569d67211ce1f660eb43de1cee
35	8dc615704b0c0a64d22d99d8	75c46ea4a6465dfdadb21f9052606853
36	89e8eab2aa5ce198b2a37cc5	271c18c6cec98f3d8b99af1a81e0996a
37	dabed0a973c93e5220a746c9	543bf701d121e593a00d9ee463a9f34f
38	6df8187c2674983483465e0b	4af39c3dff0ee7a3d65e0926c5a1c3b3
39	60c834dea94e3b0cf870e863	7160cbcffa2e5681965cd9ba0f10a079
40	c3d1ec524a1447c197e549e8	778bd64df9578ff6a0a60bbc3fac97de
41	1dabeced1f7b91011bba6796	c95fa1c96b7d4714a59911699edd2416
42	ccf5f7284ab6294ad1c4f8d0	320338d33349d42a5f77ef0f831115e7
43	a2e2dd312f6a6a754df3459f	e8ef24b656162491ce8dfb2919641bca
44	17f901209416a0b7ac06b070	b89717f0f2fdadd2cb05a404a96c70e7
45	5229029863b4fa8e5b2eb817	587d5c4391b6a0392e2b37ac2a8cebe8
46	363080136967da655a799828	ed37a221fcc356dd52dd270dd4224340
47	5712f837175fe96a8c382fef	bd7d1e551489a03ca6becc57d812da47
48	b65f4769c9225cb5f74106ef	a4a9f37b1890b279c4dc5717b5b9ee1d
49	b13f413c0c6fd5f52078fb65	934418f3e694b74388a835a72fcfd6e5
50	9b6d20166bc9691ec7bde5da	e2469e832f2d894a19e19613feed5fe8
51	f6179ea4a1abda4f412e2f9d	43047c4e16d537392072f2dd429cfd5e
52	6afa0c4a297a459ec40c8f8b	8005a5fc5d7b68e99e89d12699abd336
53	ecccad178b9108d926c3037b	31fdcefed2366e96be6d0b3d20755f58
54	d185a9657ed05a66e7aa61ca	6757b00cffd934ef47a64d027e498220
55	9e9c44657567c132c918aaf6	495a7169fabdee5c0eb65f5841221009
56	2b813537d8124e3480214da6	349e4c2a5bf026ba6a2ff9b952333115
57	3ae5375abdef602a5ca7882c	7b8eab50e6e7f758d17da9163832bdd2
58	49a69856d7f40f1c4dcf8473	da1ebddbf7a37065efd2c3a32de6111f
59	90be3db25a38fd38601134ad	effba82b970257a3e2bf69db0b5b41cd
60	6f064b51db4561bb9b9cad5f	946618db1cee26f18d2a33176cfa44e6
61	b3ecac06a198f609886dc6b2	934f4e103c20b2d8d588dd08942f1cba
62	cfc42ee8055ed2fdd1d3b316	4a6e9d26e15a9bb2c4c8bafabf14f052
63	d5eb8eba8b8304614b3f10f7	cc291020b6816d90fbc4ee2ab58b27ae
64	b0dd44170b3e9b7871b335c2	a3a1e51fcfe1dd124f5e05b09069c4ca
65	b0fa6550d2e1d2602131774a	75ff481597b9aa13efd1516cc39975aa
66	feea008825f8a0bcdd29aa21	2e13bcaf025a523464b08a55f62a5f63
67	6e8758090fde23bd628bf9d3	d92e57f7f02fb9336d5071a6d0e6379b
68	6e093205c133f1ca651e0de8	3956d8fc9aad3097b587576d1e0396c3
69	c5a6d43695a16b2481314060	287961f196ceb9befc3954c2c08491b3
70	457aee190f49d676daabfdba	4f3fbbe984fe25e83bed58d0269a6fd4
71	0379aa00a1d97a5949e15110	118347d44cf6f2a338c0d0228f0104b8
72	97a051f41edf612a60d3ba2b	96f90bf6accaed4597428e88ae9f43bf
73	4a3f4db8a08f881e23791aa1	e17eacfe801ac0260e2f1fa4426d5677
74	05b03ed1273ae2280eb42c5a	babe71ef061e217802243dc22be1865d
75	7b73fc7de661b10b45ce94e3	ddd44e1ec1962ebbda084fb632d1ed0d
76	dcb6160ed5ce1b5dc4b543e6	e222d094cccfb706e27766c8fb88e257
77	22cf12d16c765cb0b6b6c247	9ddce8bc87dab054864b01180fea97d6
78	9b9e81c040076c49a6e1c7b9	74d24fc4c9b26c747d46d3fa964630ab
79	56a96e11d06d448baab0aa97	84dfdb1a61d0767e3f15ea15644fcb18
80	d15af37dd3715cc0351f8c1d	fc4aee06078a246f4c102b31c12ec617
81	ad3c635d95f29447068cd34d	7b0e1c971f78ee07b48054bd87e73ce8
82	5b09d112f4992c7c775ce7e7	0cf28d42db65f96e0ce5edfda34a164f
83	56ff120e6a382b4978632c09	6bfd176b2574bde49eb4b5473fe5da8a
84	2d8934b8836cbbac315a9e93	a90570c09dc3db74d322e458cae0360b
85	099349d5d4732f1e0824cf4d	0dea6897a92b223f6116c72b66862854
86	f4d2d1eb633aab8421fff341	0cc2b220e93a5df88f3224679a18d990
87	a569671c7d9e36dd0a39b52f	4c00aaf6117641117cf5cbbf3614528e
88	146f4c246fe401070cc2567b	07d4fd3c662cb132b72c7fc78ba980c8
89	47d0422f732c917c7f825a12	c0ab362e5349af26bb8e183541bfc6a0
90	9788e2622513702c62d9014b	f864512afe10bbe4bf988b8f117a51fe
91	989b8c4385a5ec82e35b05e6	cdf0f75eaa4a41d2882cce6767843a33
92	814de1597eeda28a32b6a046	d6827830edf3bbfc90b202a6830023f8
93	4e63e8dd828d286cc56abc47	3640c70a7626e20a6b5890defb50b97c
94	8526444c25f3a32db9968e99	c4bbd0a3c8d7c8e55e8bb920a6694e1d
95	8f47f4453c03fd338bbc0339	f6c21ce96dd55bc7451159885a8bd407
96	376ed546ee5d1d2e9d7549e2	b89a5589a951ea5329c7e322e0a90c72
97	63d9f5e00f6b1493252f11ab	05d01573a61a03c19b136105504a77a1
98	231288b257908fa97636455c	07f6e6ab6b372d425399119b5992d848
99	99d0a1076638adfefdfc0e02	55979fa478077b5ce062ef50906766ed
100	382a3117c40a8547944efd0f	ecd6876417d43f699601fa26afcad933
101	ac8406e2ecbe2a48b4ee5859	f4ba066d0b8ee3803becdb3d92b26f49
102	d320586a3a060edb9fa28d06	b3d16c8ae7f6c336f47fa1b1665ad6ad
103	e5e94330bab9dc197acb67e1	4587659b1926dc700f940b0f8793b85e
104	3ab2c7f15156e08d2dcded4e	a0d2db81ce6bba9788e512165e6f2d12
105	e685c49b8a137716bf392850	58705aa04e05c8e30280a007d7e47f90
106	9e5b835e7b9d2701bce10590	fdbebb0b33fbe1f736d8c9dd70b96034
107	c85d50eb944f80f8a3a29993	d2128a95a8abe188faae1ab1283cf8d9
108	f79b1d7a6fbc795d4c0a553b	7cf5b7b2e94a7792d39f02417fbdcb4c
109	fed45ba081f454be3110e112	341561d68330ced8cacbe5c91262bbe9
110	60ebe808d4ec9ffa92491314	ac7ab801624fe8082333b42a3058ee88
111	b78abc38a726dbb3c18cf8bd	0b71b5a7788e74c9fe3a92aa037c15fc
112	9a0cd18ddafd38dcce379d39	973f2eb44e2e08282169184c79b19ff8
113	051ba816d24c289967d64fad	10bbd174d9cc5d188e36d5af3a4b08ad
114	a799dc185b0af60317e4a5db	f4576c4a82f0f27c7e8f42899508a12b
115	5569966aaf374ca6fe8bf2ba	5bed5f993a13ac0ed31ec03c53e4e879
116	737b1132dc89a8858d099382	fe86c12ae96a42d1537f78052b94b383
117	bce98d443e58d58a14db67d1	624ded13d68a2855859a6d52437bce35
118	72fffe8c6eacbec5af42a676	f5ca9405fe54f06cdf00988e157a6318
119	f7cc6d7226765c68a92e5624	b4fa7fbb00cd61f8ded8599e89056060
120	2a74e97926937f9c752a48c4	e28bf4d8f296a72168b0e19849deee17
121	e24f7b91d33faf1922e2f431	25c5aaf76449ee6a095fb378509b706b
122	e5cca91cb7a2c6ada6622a76	3084ab45de7f789ec91d90dbe3e3165c
123	894b1f844ec293367204a0c0	4e9b572fee685f1b497bbcd12845751f
124	fc1cb0ec472fb7a199cc29cb	b900afc9e6b58ef43f6d3a741c52935f
125	eb2a84ae3082241174e332cd	c210dbe0687b203398c84f42045cea36
126	92c971284598591cba366714	5c5ff1a1b53eabe191e2475c86c04c6a
127	01aaf8961f05855764c341f9	03c8ab86907c585ef26619f615985408
128	7c392522406084f2d43d59f1	0dd4e3558e7b0d4ca54f2dd58c28cf71
129	9065fd8e59a999b9a0191497	112326badd7ba075017cedaf24a824e9
130	4e50bb5842a9803d61abc0fe	1a2833450edf8fb32d4163c506be23dc
131	e6aaa9cbc4d9382dc33b0fcd	227076c3697fa28b481256c0e567906b
132	190bb591f1d31d74ab41d05f	caf2b295e4fbc52712d727f74de16dbe
133	5e6fa0076113968bc124789f	29080ef293b4098d2c48d5e41007ab9b
134	c0a2decb9f977ddd357c8806	bd7417ba09f77212537f0faf29a3e666
135	e9fc1148b40aa727370e928e	f30534b815a849d6983db94610d8f8a3
136	b8d4baea70d1e0f63f6f078e	c727e0e56f63c90a7db9e0d3e9995db0
137	422af720b3016e15ed7d4121	af18c18e4a8d556d347e91ee535928b9
138	c42ca0c53ac173b3ed96ebd0	8a9e9d22c46a0a6f841e1622f0bce4da
139	5e1a6bd6d734b768210cc70b	dc39966361b209ccf92fcd9a025787ae
140	ece990bf0cc75aea3c81701d	31d28a0dd522356df255853b8783e284
141	a0664d1d99ae091eea6157ea	5cce3928a03bd21aded8516958b87c59
142	c661bcb7eba98b38ab33b7c4	feca921432999467ddb14c35649bf58f
143	66752a553687c5ffa9dfda40	ff61a40381bdf1b41a36855215f414c4
144	2751c97ae861019bf047510f	05846022aba944fbe1035314d83bca4c
145	6ce7fca1eaaef95e24bf1ca3	fd0f6f337f2d5957d6f6a4d2e75d2f98
146	124f671afbd6a76ac7eae045	c54ecd82450aae1c0e55caf3414643e5
147	a936863d951440c03a183b0a	19e94335f63dbe50fcddae57ceee1d88
148	bf3f49eff1aec51cf0e426f6	97c427cfea9aec56d4ad872bdbd81c1b
149	aa05d2798bd97b676c68886a	5f1a7e1c92d3fe93bb24067120ee6bf2
150	9242cb2324b5947400ea2a40	3de67d6e581e10e0100370dbe1b608d7
151	047688e3758d7f8c577255ae	77ab21b0021245c8823ec0eb30b65da7
152	df80177b8eb62b9a3910e4d1	64a4e17b9fad987b235aeaa06e0ed249
153	7b1d4780ca77ae7db141aa95	376fe8643f2a093d4cc8b9744186f643
154	a154a736ab6847990899b589	918cae942f415aa803cec3ca0b367e0e
155	ad11827018f022b4cf4a7fbb	7140ee36b2aef8e039d197b295822337
156	b53199c17d1e178daa3f204b	eb86fba478789fadbc337cce232dd21b
157	1a2de4ae3ed29c5540fe0b66	54d4d839a6c10f52be279837b442cc99
158	85f7c3dff2b396d51c39d749	7e14ccd881fa63b02cb22a9eec5b5c58
159	109271a789fee57cbb201dbe	8686cfe5182fdf97819c9a9146a37c77
160	5ca58e91fc8caf1441a0c660	aade5b367e34d3e36bf3416cd6302945
161	db7456653316cb399e30735d	3ba0ec05913e44a8cd33d705be4a0157
162	3d99579add5b5fb579997b6d	15832e2ed7fcd1e45a07cfc07933dda8
163	7f1b92fab5dc1687a08ca5ba	06d73a0f884e816c15d0742ae6a689fa
164	9afa8ba5eb25a4e6f2d69ba4	e8e199433fe5c34b7e9614106b236d95
165	5595c70f3630f89d536005eb	5a5ea496ff37c54655847000884afae2
166	d75aa31b00ead2c8086c8d75	4b6d0073e850cb70b94870b31b78bc73
167	b972d20473de75ad4727c04d	8dfdcd51d5652345c6f146e63e31866e
168	e86f48324be6de75d04d2b32	1ea2f971bd53da1ba47382fce53fb25e
169	0517f79d24c2f7ac69af4d6e	4f84c88bed58396b1fe468007620180e
170	3651df02061211f80a0813c1	89f8d56b33381cb772968532aeae2097
171	937553bd61e7097391877f86	9e86c2b28fa009c8a3d608959e69bb40
172	4c99b5da331db65829ff741e	c1dd1d1f8b2c01531b12a6944afedeb2
173	64a5b6ff448acbd46818e012	f4b9c7cf61baefb521253fbeccb1b16e
174	366f7733e380330df3175974	eef1214e64e6c26057b015635f61f8b1
175	51826dbf5f35b71a83e7dcbc	598bc76841064c3b39d3d0602b6f19ed
176	872303d6882e0ea31b618f9e	1a72b320b864c7b018ef14326f16928a
177	a47a5d8976ebd041205accd6	302b6cb7655c883d6f5d63cd033c019f
178	bfd91ece8a988382058b9a8f	4a2c6dbafc31c834e30dd3354be8f521
179	c4f0d2768127b008408bc4c9	46b70753c7b27417be8bf1c6168b5482
180	db4b48a957fb065dfc55ee03	d9c2053929235fa90e7770ade78c8877
181	cd5b5f2d43438a02d9cb3d72	af0e0cfaf5dc741f2e35dcf031cb36a2
182	05ba8ce1d6958bad7774afab	4e050f96f5490fe2121a095fc197e29d
183	8eeb8ca2fa749590b2337974	fcba6193312f48a1ca17f431a916d136
184	76a0aa266c678db1c754297b	6539bd866b5a3d38bdcdcaf6ec5515e5
185	637c0e72cb6da8b042246ccc	ec746ecee6862b01f80dfa62d049d252
186	603954a6ad8802b42aa233d3	6d7dca82372c728c6d5a2213e04883fe
187	ef7b00b5a61cd4800dd5ea39	d43c26bcbfa1fc0dffc54621e7575152
188	6a319cf5d6b412a48afb7528	2c00aa2975352b1bbdbd46f192388771
189	ee65d9d33cc52bc3a56490db	a3379c3fb07ae819f9ca66d877a6c82a
190	a004ba83554acacc3dc1c606	b695d33072c77a09e9890d0336b29569
191	8a7c0cd9019def615b1d8682	0ef99be4afd7192aea13dd3035b58839
192	786e9d3deac1232ee1578a16	d3c9349ab282af5118c404def31d7447
193	159a6e97bc452e76fe6c7f0a	5bfa0b18bd521a4f6cf62ce7b394b1f8
194	a543b0bec401d66ca73b0e42	5cada0bcef8accf8c3baefb864a77ae1
195	39b16a62180ec3a383a5d17d	3a67a9e73deb1845818859d4e79cf019
196	0ece0324f8e0e8ad7aaae8d5	435cb3fffa83dfe97edda656e0f1ae92
197	a9c14ac25cbbae653d7ef024	9c66d253e0cdd5f4261ec93762eb6313
198	af6ceb99fd2e230feb698a2b	e38858d2e7498605eaa54cf03c75ffc5
199	fad0fe052ebec25645b74dd5	57d8a8c4d4d34e10e2663586ae1d054e
200	409988791db26447224b1d98	5a8364a0a9d936457afb2902556a31ef
