1	c981d6d76a281ea7532f3a31	342199b0463d36d4bbe7237f2b7731ee
2	01f02f5dae13dd25b0bbc2f0	29f5d24fa88e69ce5d026312220e1ed5
3	c69445a5e75b0a26e86f023d	823105577c97389d0c02bcb77dec10ac
4	35027c14d0b887ee4af994bc	7458fad3fe541ebd014cdd3483cacbca
5	217393a619e5c05a40f8ba7e	8007da037ea24fe8520a45f18e6f3295
6	9acd95e6dd5f06b14f6ab9ac	caced1770bcb28e2754d24191722d064
7	336b905e6f6878f84d18c5ec	cbdfd4d2cf5879359b2d17787118573a
8	df7a8350851824910e494ca0	f67332a3dc13990fdb5a86b494b00522
9	059075ef53c2a6a6e6d8067c	4c7487c7bb38e9f4541230d2d938b304
10	7f979fc9655cd8569c1f2863	8d29a2e55c9ae77e41a33598bf65f779
11	7f908708aef890579391fc44	22569fa3f15bc31682822ed48d2f5d48
12	7ec6ca89c05e0f3f0b733caa	57fcae761894d93b9b6b494c95b57a55
13	4c53977142a2940e29e64e6b	2389afbbab4da9df208cca2ce9839664
14	1e57f95f68b0bf21e3010b17	771f2230a3c9738ed92469c8a3863216
15	ead59aa4f464ce5f8d1e7c99	b9fd1a0e55cb11406a766d76759a9b4a
16	a1d952c81bb91f4066feab9f	996e00c7599461527f19b8bf7a0eaa44
17	028ac30cb48110e5310b6bf6	9b2bb102c01b257bf7bbeb0b1d6711d1
18	4d0a1a7dd89499c1afb1e9a2	f28cae6d9da45d6fa4d0a8a6881ac35d
19	a138ddd4874e49fdc3a18461	3cb1666031a02ff652236e7b419dfbc3
20	50f0c5f08d53daf8eb90fcb6	47e75811a400ccb3f2b9e4a8103183af
21	364d919fea69e35b7298bbbc	f1bab318232badd4d46156012322e7ca
22	818bd6b246ab5d17da4c4d7c	b82326fa207ecf96df4fe98e1ddcc29b
23	21cfb57ce41f12b117473005	ad819c59c0207318cc56dd1e37856dea
24	a7075c22c5723cfb66853a77	ec256b66d69b8a6306b006b04581b6a2
25	b50eaba9c84a8be01683a6f3	a6bc30a89984b7e6d481e3e165c7835a
26	a1f7ab888a799532706624d8	2a84e0fc0f98b246569b49b866dffcec
27	8b121253cfff1b294d7c8982	e7eabf168bde8513196b2763e83de4ca
28	e6b7688047e5489b66f8897f	32b5c55215587ccae10a03c9b6bdf363
29	f9f2bef843d7e2f53713c2b9	89a9fbf15fee42a04795a69e82e44dfb
30	fd650b4747dfe3e98d9b08d9	850a299ffa05fdaf4dec7f1c0499515c
31	13f9784e5fd210960196a98b	456cf7af22291c7c306ff7be1881e120
32	588e76967a8cdf0b12750cf7	f92334c174471ba630a176aff335ac7c
33	bf8e7e760047e29f1501be33	e3db1e76df70b461faa701ba8c994d5b
34	508245f626ece9cece3e88a8	8dd554a9c77e38fdb7e7d00f3c80631a
35	df453a4e17b9361f975a9b00	ba1d6f96e82e38ace423a5cec384bb03
36	5f70a6d66d99a66d9944bb5a	1061dc887edc6b3636e0a39c3f903750
37	fcb44f5b2c472d54aa4667ad	e34ac7842abcacc1bdb411160f118a0d
38	0ddbfadd278e2089851da74d	f6c77b8f724e77ab9dc83af03f84ebce
39	6b6055895997745c116c2012	d30b449afe18c35497fac47d09aae43d
40	b7a4e4596267ee3e985bd4a9	0ff27b37946a5d5d81d3ea338a9884cc
41	ec797ab9972f566ac973d36d	3d0987741b1d24d3d9acaf445c640e20
42	2f8dfb365a9b4a9520d12e2d	7cc42aa4898336e2dcb96967b0f96fe2
43	596f75cfd946d6e2fec36b82	05866e4cf96eb6603a4f226f7c1be139
44	f7884f26921ea53a6502c6ea	5233347f369b9ec6211e291743ba587c
45	489616c66d7d951064fee0d3	8268acba536c5fa09197cc58c72f71f3
46	dfad25859915a664b8e27cb2	927d4c65b2d6161ee0ae65f6fc27193b
47	ca09d5049da36c5ff48e555b	f72d99d145c56bf2fbe307ef8d52de78
48	20ea1b25dc5a20eb876a390e	b1e10864cc49158653f7655b1cee7720
49	7b9d64966fb21f04151e9506	6984b57a3e63169d6945f832838f7eae
50	4a50b759e5a4847cc6ad381c	65a4e10fb5e94d7cdf9373e17048b282
51	18d69fc4c00001a7a0459ba5	43185fcc1487242d2d2f263b0db6b706
52	2034c29c705d9bedc88c364c	233c6760cb57b057d45197eb14001336
53	f8721e6ad8692fc1ed6025d5	34250edb11a7d791f484ba31681dab0d
54	edf5eba223146396cd324b2c	4a49654e331eeb62c2d36c9c749845ce
55	ec786481de2a80492468642c	697d1fad8ed8af966dd6b8273fe9c752
56	153dddfd17022e36025862fc	820fae8d8f61c05e26f526d2299b4c36
57	5e3f3d71a9fca9e88917adcc	13ed139be4882041a417c13c955d3eb0
58	5d764cc34aa06231a66291e1	9cbeeea32222461136ed33da81d4f030
59	7976a7146a9db6490d1649d0	fbb9e3d35155e5999c298d176ad9be29
60	f21af62a537e4d260ef6f5ae	a1d4b3264c35e34619ca94ef8b64f4e7
61	6a4feee565d8a61945de5d1e	dbeea9bf9e2e423006be2b036169a17c
62	e887da8acb11b8e09cf62f7c	c6cdfc566d3a64fe3dcc0bf46dabedc2
63	510dbefc4ecd7dd8604eda31	15dec7f6eff67cfc2e918a8beb90a027
64	c0c607983c6cb6b45879c420	6b1c7872ee2dbc44295d67bede027d01
65	e2c8f3ebecb3762eb9f99886	7dbc43c25a622a91ccfc6962b1dddfc6
66	70628609f74b7e89a21cf478	bfa90779004e5ccce34a393ccf611f65
67	b72da9fb82b206b6dbdba2ff	6059b67917f6034b9deab05175aec767
68	9d22a4b774a53d4290e89b53	7552719c82add92ee4aad28519e73d27
69	59c536bab3d413b562adee05	72f9a12f5e302c3a478811d6d502641e
70	0ddfe6ebc341417f99bb5f05	e38e1326ca12feec210172e72038122d
71	98603ad9e6125c7393a8485c	3ad8d579001e1c6a115f6aec741f1910
72	dd89497a576a9a0bafc561d5	5b9e4241051a63b1baf201b4855c8fee
73	f241212fe2bd444255e46e29	119105373458e494b94bbec5f9794e45
74	953ae16562f2921ed609da11	9840f58ec7e19b7e5a1e012de238101f
75	bff655fb30e5c9d72700e1f3	c18dc20a7bb872a62fa292f1cf2389d6
76	5f3ec84e655dc02aaec5eb69	2692fd2dffb8a81dc3bbc1f0a819dcc4
77	c3b908dc416866a04eaf0907	0fb33e3fe6c6919f260a868a16276e02
78	82c4f4519eda2ae16c17aa30	be18a76a460cda10f394f445c025e583
79	93c61ccb3ea0658047bd5829	77de37442cf7b85cad02b3b949a2ae71
80	4264a552bb5ae3ae7bb9a898	54718ce7a6def5992b599b7aa3d1a341
81	451e7fd2b01c0a872b6390cd	ed116023080986cd74ca9540d1facca9
82	19e09ffdbd96276b62b2dbdf	d86277617405b78c1d36ca3acf3e458b
83	5555d36a95d6589ceb7e776f	c95a47addb847cd34e9dd9d7fa26122c
84	6868bec582569e1e782c4162	ad94e0e15aebd977c7de5707139974b8
85	ecfc8b9a6f0565a804e74098	e5d0b390e760f4e9f1e011abfc1bf86d
86	1cfb40a5a28a47bc1dfdce0c	84176da29d3093fe1564e46521d51eeb
87	9ab1828012d1d66fe4d98afb	6279e55a56a09b1af44d7b9afa1a5a04
88	a00af24b532560293a797159	909490442279601b0724a3982828ed5b
89	abc47dcf51356cb59a38f28c	5313bf422b876130b7d1693ebef4d16b
90	b97f02575f804008ad4a19ff	dda3c93ba889d7967a7c743b08a52986
91	be35fbbf4877b9e8f92601a6	4ba2ab05e924b135b01cedcea40d0d79
92	6e8994a9733ebee6e839c082	628a5c472a7a222244e9e8a17470cbea
93	96272a6554b12472c4d828c0	d3695f3feb78fed6a79f489d99478df3
94	29099c53cfeb4a80a040b223	ee8925947fd010afc7bb88ae54698df1
95	fc58b1ebe4fe1e94451f232a	836361a9949323535c43771deec4c1ad
96	21f39cb890c67c7335f3d06c	3f3fb27e16dd4758ae844bdf2316bf7d
97	9af10baa1051b349aed281fe	41f4566a2dba79ba1341b85b7b4f6060
98	5d4a6415ac39fc9c80615105	32bfa0f33d5f67046d05dd70ff49e11e
99	3244a36a7363f84f90fdbfbb	12d9d78765e4c79222571c4fb4a5be4f
100	0df43355662c3d918b6e234a	cb6c06a3c69d72989eee2ff70261e10b
101	7514e33187fa81565715672d	22e84c05693a8a6fbb2048801ccdc7c4
102	4eb238447c6bc112c8b7951a	32b15252f35ec5473225ce6aa0afbd76
103	1f40b46c19f1a6ecdaf41054	d15d0c215eb9b901f2ec5486b03b48b0
104	464b5ee769523be253148585	c166f55ab47500dc76fa20ca3a8ac624
105	3e8ac2b52f470016f63f596b	78061af928dd16f13c05e604af1ae130
106	62a7e50f2c0b36dc83c0a4f2	a73cd120af916e828394f85837a706f2
107	aa72a2d32daada34c301b09e	4b7221dc9513c7de2233039bd0f3f9e9
108	e3424f8623dcc522f4817fbe	61b965573cf342c45bc8bc0edbc2ca9f
109	39e037feabb9c89f533c3399	cf9bc044719919ab66eefe1f823ceea5
110	24613c86b0f94a28abfcfdee	3736624e347ea215e19e3b44db178edf
111	aab1000f3655aea4bbd8f608	04f8ec64f3768a4e0519a5f6943f8285
112	51c021fceb821242d6da6fec	8cbf7b555eb1cc4f2f07b0f884174f7b
113	a1ab22c14c69849ee7b187c5	a4a4860744d573e29cdbf86841c4c6db
114	d1b635b07daa6a0f5e3a8893	ddb5d76f8ec7e1bac42cb9deca8b8acd
115	72c633e54ec271e1f6f17247	c76b205419f09ac0f57b016bdb2e0282
116	d607667f701624efc90bd506	2667468b0c02bf1c5129a0b59f396818
117	f4afb41c28824a205a7d1e6b	6239305175fd334d17452630d44a712c
118	d7f7e4624bf8067d6ff1c246	e9eb2536a6e9dc00cac078b57d592a7f
119	f5fc6d94d55ad401325690d1	b2d5c8fca5554eb8960ad2f9bf449b17
120	973f697c8d07c3c9aceedccc	437fed3a909be2d0bd290f9a7cbd7983
121	1e23f03087b2cd78c3a922c5	c0c6886c8e82889d037cd0d43c6a70ac
122	db21cf29b53143ea903c3dd9	68744dc443bf980aec76e38c37a515eb
123	99cc9443b80665045c1f74f3	1b140bf7c44c0980b548dbe257cd949a
124	64bb81156e81593a23822cdf	b6d06d0cb3c5cae18ee62cfeca1cc193
125	6e35252611625ee8c884a2fa	3ba86a4f00f5c5da3a4e46f530da3ff0
126	735b656b412d4161009840b3	d7f1b3a6757ff23980a72be72f9de10e
127	764ba17f95614f5fb847e4e7	a3c291a8ee0096af0eec2112110d7ad9
128	87b267daa8fa1ed9451bf011	a4b3bd19f2ce0e7d0b52f3cfa9270630
129	4c8a696b65ba119907d34ca3	12245a132ae6ca07b309f48585520325
130	65ab97aa2a2de27dbbba9886	d1ce756ca8ebc22d484675232d2bec7f
131	e416c96fde05d66bc076383c	40fb404f0bb19dbc27e22ef781b6de65
132	b06aae4b6afbc6bb1349570e	fa885da1bebd516bf2c294aa11d5b2e6
133	d1efb1de7434210fd7338683	c37c8966fba8d74e47f65bc8a91f6862
134	a3f4366b22fa31cfe0756e53	e5d483df8148066824d25b50558394bf
135	99e450c61a1406a1d2e65684	fc0d898032b201bcbc1eb9c878879dcf
136	eaf60e3e9913efcd50818a1a	c5f8a3b5eded522f96a4576158061adc
137	a8790c4ebfd9a1bd7a77a665	29d2f9e211e8fd4cfb16a54c39c99988
138	3bf024cb64fde74222581be4	a757919ee239e03fa224a0d482edf935
139	c275e4968a7960b7e7decb8d	fbbd1d27638e9d3c7187f73588f81738
140	0f0e65d87496ee1aa065e6d0	10c827e4d06ef3905687a8eb424dc6e9
141	1fc41d018e1d6bdeb766acd9	4e16d76c0e72acc9fff110d083c8feb7
142	00435fbe8e3f7ddf4f39e10a	840305513748d19fc95cffb0a6bd6ef4
143	9f2358fcbdfa0051488e163e	a3d3e6510a8d3abb47cb94663b07db99
144	2282a81ae6d2ddaa8bd3d054	46e33cdc367ac628c0cedf762064df3d
145	8a8d8bf7df9292e9aef68c6c	0f0c34acca4a7de73d93c74e7e036bc1
146	2152a1f527151be217f37ce5	77ebfcadf8f5aeeae30a4a5a32ee35a2
147	8ba8271484857f86d63cb1df	168024b12e0afe1af7d590a1fea26e65
148	5d85308a05a5616eea430b49	9b7ff4608d9bbc13bc7798d1203bed9d
149	8ecd78f843bf7c8d7fb477fb	dbb471c63769acdfbe754f9fa22f3e7e
150	5e4af063120f8331d66e7660	c98eb82f276d4d540f2c1250f219c2f5
151	67933ddcefec2d73e829ba54	8d37f0444857719bb297d8a3362c438f
152	039e3806394f939dd3fd0363	e13d9d6fcffaea6f2c16019d019e739b
153	70f944535676b845713ff36d	864a847d98b6a67ac4d395013581be1d
154	24d44569d72124a70b08ec8f	a76d8f8565b4f3ceb269d40fdd443e0c
155	92f9e4fdca4bb3187eab24f9	1cb045eb2810baa5c2384c9523ffd86a
156	5a0348d1f0da69bcbedd4395	461e32ec678cf20c48adaabe20e11260
157	80a9d222dbcc599977d9f89a	a4a4a026fccce357b19b8d99227907ee
158	36b1bb1628b8a0d048906185	8ee2f07d3ee9731bcc9205af6f7f9902
159	065fe0af34f39d89d40d297a	fec8bc52d34f8f88acefce4fe5beaee5
160	98a11b79e738278b92108f27	1fadc1eec52876be370245de2f6a8d29
161	8c45a517ef91b437b859e63e	532f1cd0e2b3c7901f45be678dbd27e8
162	307c817daeb00af07edbf99b	7642de4c358a4c40bf85493822557bd7
163	491e0928616b87c587d67929	1c9236d1121e8905ba1c9d5654142cd1
164	ad98b096816a360310f49a33	4e36faf27801420a49ce432824f72221
165	f4b90d3b85a0e50c7ef712a4	f30785b397532903f0e54049ea5d4124
166	6b4ca3754d7a3a9cfbbd0767	b2d4c60889991f6f3fcdac04d6222f6d
167	c0d666ef0c2c207632556edc	1b59321228a99c0843dd2337bde1ee75
168	4ea78ddb6618cd1ed1b2e71d	7d01c595efbdce1ed7113aa409a72d4b
169	c5857252ce78b603a56fd169	3b12ae1f711629384cca9af29b6cdb1d
170	9a41e7472ace093f3bf724c1	a88f36eb4bf3b913d571e74db58ff607
171	c443d226ed02d1e97be7f869	bf7a5c8c9e939d3f6cc8f28e1710b582
172	5d39cb1e1dacbb06f152742c	7beb0c87346a649dfeeaeac977d596df
173	559819d0865f97b96ebc7c85	dcff9aadab721ce8bdc8fd288e6f2780
174	5cf54ae728f01fbc22c92636	1dab0450c736a1de0d6a5f28f830823c
175	a535a239d0340353df240c1d	b7fbc200980227c400447538c80ab56d
176	2a83eeb2b2910e87e2b02443	3496ef8812a560e41521fec28a7ade67
177	c493b532dabed35121c5ee6e	3f96da4546034ca64d6ce2f7438956e8
178	8cc14c3af4cac3b1ff6e0674	1ffdb7cf3d197568c9f3e1031a62ac71
179	1325062af48014373513af16	361106b62f9c584c1b9d9a07e197925c
180	d18b22e7191159b92b90b3b7	d72f1effa183ba727a24c9548b039eab
181	926311e1f1b34158219b26ea	eee758089b6ac443895f3cfd5d8532da
182	83de5f2dbec13234acd1bc67	e3e23772be96b434bf77788debbbfc27
183	cfadbc553aef98824b91ac39	56ada740af22e8fc5666b90ab69eca6f
184	18585432fcc0aa91a047b7ee	879f77ae882acf3614f489229f252e64
185	e864276b0d5cbb555f3ca4bb	fb54273866cd946a431dabe15dbfda46
186	e78838e41999117e7ed3051d	33f5f2007b2fb51bbe782459376c6d2a
187	1342ea794c557dd8da137fdc	bdfada933468c3ce530f034c07b7fc12
188	5950590f45d1cc6c00f7183d	bdbec66509ed2a92a3284ac83eee4614
189	725ea7c644be9a6245e91f4b	fd7572c4e6a6b981a4690d37a0c3b77e
190	5d628ab4ae7a02fd3c039b06	b0501606c6e32075bec10e0cda63eba4
191	e0915b9a09278b7c296978f8	93b1f074676bc79493b42d0bf6d6aca4
192	3642f956fbb7b8d31613ea67	f5395050751b79af6d62588f6e56c848
193	0e667d424108f88a04df488f	404fa1cfbec4f7096460004cefc1ed25
194	7cc91fe5ee4f2f9c60186f44	7111a8b839f7bfa7582448040224fe23
195	fe51f05576588d3a3a1a443b	715e2398e7604fa98b5e1e4c422631e2
196	b7863fb7909311d262a329b4	70d1e91105c02461fcf15342b26fac0c
197	0ec10f8038418e18959f4bb3	7f2585762f62637594019736e162ad83
198	c57a0876118adcae9880e599	b55107c9deef26731717b43e67ca8b69
199	53e45cb858d804a86fb44e26	b60374f133aa85d6d0e2107a3856e471
200	468887c5fa5ec2c5dcf743ec	1e681e893ad0018ee19b59c52c2cd65b
