1	d7078317c07319064cb792f1	ba03ee0ec09afb55d64a639348f656f4
2	aeaeb6504f34455641fb759a	141a0440a2467b263ff67d57b98c555c
3	e0c4edbff335d23ee9d164cc	812c720acca7ce7eeafb8ec6219abc0a
4	ebf9ba315143d3d30636ebee	f50ec29c8f1c35785852ece0e943ccab
5	4066290b78d40961fab25fbc	6bcd4620acdb423a65c825b6533a5f03
6	a6eb6d3b1698ad800e7f62f6	e37c93c26074bab3bbcd26518ed6999e
7	8c9f946886d9e18cf42f20c8	d1f41d98a04bd3f8daa87564b754230b
8	e3888f0c099f2757c51b21c6	35459705ef67c826678d152b1a62e703
9	a53b5ec1fbc93f8215f80229	41394ef99bf6f13f34277b6d8f66a734
10	5f0fb3c51f40bc3015613bb6	386b929b681053701b7dfebfba35bf3a
11	8fb62b261185e1dbe8abdbcf	959fdb1aaf933e45fe39984f2f95d30d
12	853c60f37abde4794477d8f8	8ba8828f44dcde869d9fe0b1ba4ee873
13	3fb2541039e499d94162bd14	6acc6c709d0d007fc9f6841bdfa3ddbd
14	119ec41c3bbcbf1723aee2e7	68340652b7d5068e31ee9362f9c2043f
15	89f2eafa170644c54b3faf44	e8d176f79ab6dbd24df63e8634c0b93d
16	08bd1c46d0989c2621219b1d	84b9505888622b183dc3d0a06ff31463
17	b2f0c4a80479f9359f7840dc	261b81b2a1b1135fad3fa811c013e021
18	0c7d373c99195ae2e85857d0	d420a60264633d4a87a70fbed6a8a711
19	1b31d7265305bb40953d9233	7238ac528d90280156a51be78123014e
20	b80608a36101045518180b60	226bc3809b182c40657f679dc84ae7dd
21	849a8e7d65541489886ad9cb	7fd120d57800be55a1c7022f674f4dd7
22	d660966d99701b413fa2c53c	55f4b2a7389f70c4120debba52db63b2
23	3f5f694ecdaf7c8f655e1002	49675ea3687b34dcdf482b4b3edf1cff
24	fa19a23c612c3039f8570c55	8ca269d30bf3d61ca1208bb42485aaca
25	d67a4dfb8dbbd3872b8b7dc1	d8b2d819d1c60ab3bb7594f94c835159
26	51d128974cebb6e5a6092819	6cf5be142a2aa61e19f9019e0bb21f6b
27	ab7e1076d98210b92e128de5	e8000bff7c26219c27f812835462bd20
28	d58cfc3aef3ffcbb7d135b71	7cb43d750b0813a4fb32aea6f93e938e
29	9d8ab72d8327b26a85615b03	8af55e0317c15f1049c3a4df8aae68f4
30	e45e5f938dce8e756a49e98a	8ab9167443d721a6e73f8d216e922189
31	2fd68e700db9bc37e3368d28	39e897351aa851d79e91c60b99c1963e
32	6d66db6abe8bb64683a3ef10	6aa452e0b36f16b1f6cda8bd9d32b73d
33	c4eefebd36a871db10135722	eb349f42d0bcb03969360f9cdadee430
34	87846d72d87eb4ee6bde3e98	00c72f3bbadff08965cbda2f5e977fbc
35	94cfb0f328f78a6112090cc7	b21efa089d293a3670040cc9abffcd5d
36	47892f1e0c9873de4b8f5cd5	3e22d4c2204408412114b86142e8677c
37	37ddddfebfeab690512b3f96	885603aa6adb68ab4b3fad498115a4e9
38	f972442b1bfc7b458fa9a3ad	508d2715ca9fec502306ec17cb25f9a0
39	ad640b33e5c87eb81fcbcf92	d25368372e2a7bc8030739a0cdf4595a
40	829281b2a758dd1539375be3	a36561d118a9258cdde20e3987d6a722
41	3d64ee0889275d0de65d3846	2eb4aebfb10926b1fb982404711037e3
42	0045158cd0b7e17bf5cd2b76	64b286d999582111bef7ce4e96bec137
43	adffc6d504980109e6b674c8	f72763f04487b208dfd381a59d67edbc
44	73e6d1141c95f028552c49ae	8f8dd0f12783b1c16c8f7b3d9e92b49d
45	8d4e896b1ae6bec409ec9a82	05ba5f88257c72ddd2a09f1ae02ca2b3
46	945eda59f0d7fe7aea24c933	3df9f373bb3b7ad5c31412f546707dcc
47	84c4124fdab434595c2d4b01	599f6dd6416c73b508b3a0766b29185e
48	68d42e64ec7bfdf97152aaf1	55b50a5ce5d29e27a47e7d4566fb561b
49	48b6702703ccf1d1987bba34	00daae506d3c23a99c32923d17332141
50	221d4f0020e15a450cdca30d	efa55636542c41290d61db493b8d6ec4
51	f1647534154321e98890a44d	77bc6cc3193818a9c4c7166c51194c69
52	c5be78da1e968e5f52f7522e	1086b01f315213d910008780a45d8769
53	15ffb7420208497b0a62d4de	d5939a652a87e56cd1606e262755a32d
54	c9bafecac6c0220b2bb19f34	58cf79bed9dd837837f35378bf08b6c2
55	73386064c19f93238398ddab	0ccd7fca3ff37fb2152d83277135f03a
56	12dd191de817e77463183755	d8edf51cea84cae2484d9c53a2c2a5f6
57	fa0c7534a95b53c47d8f210f	056357b789f937155eb96401534bd7ac
58	10ef6b17cf667727b6c855a0	5ae4b665c3155138175dc5ba400d0cea
59	ff8c4ebd0a73964c46d505d7	4f594e123eee65d784ccba2a99526c41
60	dfeaf897383739f8e8f85643	b99c911315d1f3c104295fc5c3dc61c2
61	4745f51b3fabf705aab3e5b9	fc73ce3d632c93e693767729d7f1f216
62	02df568ded7453941f8d63ee	6e925427a3c059947176cb6781321c75
63	142d4f1815e937385e2b35da	624256863f704756605853dea535872c
64	2941b3bb618566eb9b10399c	b26f9e8f0dab82ab7f3f9cbf689ff511
65	24d65605084ffc52455577b2	1c468031874960fed801884c5617c676
66	01707825ed214d665e1c3602	19b3d9c52d08d6434413a334eedfa01e
67	dc69ddad7d1639d23757ba36	96cb5020753887356f25109827468f12
68	cb28df666b6c4b9011fa8226	f53221398aa35b3f72b9f33b0c07e2b3
69	41700f4fee5ce0fd8e37b009	a3bf9f2d47b1ad39b59fea40e9163919
70	d927d8fd36c54cdb89248c9c	6b5030932149a2d452a1c37759f8ab8f
71	749b76fc7639be7490e8a5ea	7637c3aced5cadf210dc7ce4a52890c7
72	2f35af31978cae1245b1c778	592bb33b51d734642d9310744b0f1233
73	ecb5029f24b5f12c18437d5e	2b126ef0720147f22934c25310c03021
74	2b5b6fb01453d51134cb1dea	e00172622a630a72a103928a4998c9aa
75	f9f5a4cd3c5432f54aac9eee	e520571aec575911a58c6d642909efba
76	8515fca69ef2c338aa6d6f13	c64d74ade56164cd2d739d303db21caa
77	18ba2a46043cbdc75dd4b772	1bc53d79c1ddf73c4ae2548c3f6effc7
78	348bf92cb69b3de910c95763	08dc898b8ececc89c5096ea2241ba251
79	f8f39c0848f0fd763d5d73c2	a55ba8be757678f0c727a531d6d4ae36
80	2604068cb10d6d801820f340	13cd57f645f9c964401c8a6aaa6301ad
81	9e24081d5dc94b170bd53f7d	741dceb8190fdb4a16d8ba3629f92b53
82	1f21e3a04a13d90aefde724c	47372aaa79ee3807168824ba441f6e52
83	98b7c478ad9b4792a6cf39ce	c3f6e712cf4d7407058d2a8bc160458a
84	6ce9c44682730c708e2b6d8e	46ff6e6e3cc8f0ad3566cda4f8f6ba7e
85	733574487951e8e380ab4d55	109dab3494fa5265a2a4f156eda6ac00
86	2e6153bad3dad03640d36074	df1d61408430debbaff0524784c0749a
87	f55bd6e4154fd866f7b17d93	35cf518abe1c1e1e2c5fd90cb7ef2e2a
88	aae64df4d079bbe1692291d7	d8807ac3cfbebe45e107fb0bf5abd7df
89	c4f6f4ddc9d9d7b717bcfb99	c9655291e3c928247ec161ed91a6cdb3
90	20456c4d6cef78b823062d2f	3048fb2ee566f016cd2a8f590e6a1b1c
91	c6c0ee2bab0627098ce48e22	dc071d068f13c1c28433f321bf4daef3
92	55266713623374b92daf7ab3	b01f60e17116a32903683bb2fcc08847
93	705c2d0dab92eb91b21a77e6	c9246533ba16031816e13cb0fe29cf2f
94	60cf3c7a6822d46a91064f05	6eb2c3446d20b236834edfbd63ad61c8
95	c25426b97343b2969c88f217	6eee4796781488ed81d79ade437751fd
96	6d9aa553bf5f5e70f305ac88	16e2b35ade326d81f3ef184eedc8a18c
97	3d71e1ba626f0b93faa53c6c	df2fc5e3d94d1902c2df100089d9cd2f
98	a43f45819a536c7b6654e42b	4260fab22ff5cb632d719c2e940ea8fd
99	9fc999a12bd23f67dddd6234	0f65d971de8573b0f15e43333323de93
100	e04d5c86df4689d8902b2623	529a8676e50d3243dd9117c0ac702621
101	ff743c9ec40d27e953bb91f1	75b98b0c3ab09ae6cd70fe738e049165
102	3769eda6cb3418c6f024dc1d	118f62065b5137192b699a3c0d67eb36
103	d32fa13174e600eb2d9dc52b	c672d5174693978a5da285580d34ccf4
104	ee2b81d3dee5d37f3465efac	dc04509191a67f0ff2cd36769fe52df0
105	52eab4c8dfecc94f68eb3f10	be04ffaeecddd6f2b1c6e75ea95e6055
106	9889457326be27f4ef7fbc68	5d8845e48fd7fcf75f4ca07c253f1738
107	5ae216bf81bb2ab500568009	002f2dd23485f1fb7b1f31b8c6808839
108	c4050c14b67fcc610ac342a4	989afb4bec639b7f75632a93e8bfdb07
109	4baebff54f0832d6adcd7004	73c39e2490c1264168e849ff31fd57cc
110	1e3e4b736994df1285e0c810	50db98a4f975540ef3627d7d5b033625
111	b73942e4f9f5dfe1965b14dc	88463fca6912685f316499ecd94bfb40
112	c89c3feed75cd3ef3b64d0d8	64b86da9686ea5fc212a99ddff17cd78
113	430c848ec22aecdde033cbd2	6c50c9abb940fb1de2cf39b197b735b4
114	18639c22cab68ec8fd0f3643	bf16949dee1b9bacdce0ad6f5bc39a36
115	bdc7399f39de5a9d6648868d	7a079690dc720cbc2133647d893700ae
116	b0e33bec2c9c04e983282600	a48fb27ecf5aa549b32afa21757e8484
117	59b6db86def6c44efe746259	1c39d01cfe2b03439dd1b383d53fb084
118	96d6908e84bc256072974fba	cc0717dbf078303c566a6d07f2226959
119	69a154ab911439642185af6a	369c80c37566aabf83c8137e606946d1
120	0c1b5bfe1c08a261e223f74c	5c4c54da15cac6082b168eabc7d4ae32
121	011e0b2ef810df201dc68c07	33655175e78997ede60d575a86887170
122	c6b7a48b5e812ec02a72ea52	d2b35d779a368bc02cb2a95a800aabd1
123	47df6f43b39aaa7e26da6de7	32c9d23a814a1d4eab4dcd336bf91244
124	39aeee1c35a9a683f46e42ba	7c662541dc28e64dbe20f2cc12b40517
125	c4734925721bc92917a73ef6	526672618c51c0bdb11e0ddf905df508
126	162bcfaeee83aebcbb64c99d	ba3c8f31beec0c6b74c7bdfe3c9c3d9d
127	792d117f7afc890310aeba1d	7561937cdfc2432b3f732eab7e1161d3
128	9c1233733b13a2d85294adc4	d0ec9575d957107fde08069cfcc20536
129	7f77842aca67de9e1c957e5b	3b410a11dabdc3d508da4cdd45586e9d
130	33373669155f4ae57687ce43	92fbe6a70dc36c9feda2c9759cb39665
131	37e9967f946f17168a827c23	c4c71398adb89cb6a45a93c9f9a1a955
132	5e8c8c8c9a7b5316fd4ee7fb	a54275506530fd3426fc99c6ec8095f7
133	66184cb00026fafb488fc7a6	a94dd5557dfc676a3b0f7e7260daed2c
134	7b84dfc401de6c4e1b53e32c	48978c6552adb1547b99aac42be5b698
135	fedadc590ac89adfe90b5a24	610eaa3b3769ecff34bccf835b52eabe
136	a35d52895629f5c07b690efe	79654d8911a7e1d00554dbac3cdf494a
137	b308b498423bbd8aaee33510	54e2cc8d448e868d43c515d770a9e8e9
138	865c8b99497671bb3c111604	a1c57dd720ef4d0e3d3943288e9c7491
139	4209700999d6fe3087cffcb9	aeb41c9dd1796915cca26fe7b6dfc5c9
140	1c97c074ba0970dc6e30d33c	16e4f9fb435f0ec37313ceb5b5f747c5
141	18ac077100b9143e044d751d	451e3a8b03d673147dd684083a91a153
142	7fd24e18999c371351e88b23	c342b1ff8e677137e840976902a593b7
143	0411d0c636168a93b034f1b7	1d8a9eaa1fd4484a26aba13033225376
144	9b131801b9cf7a87dd5cf231	9068864a8b71aa456d9a33f1b800f7fb
145	f2d3399c6ce7331adc69438b	a92e5f1c07b53ed7cd8c4b19e4c53781
146	670e087760f7e6c6ad904635	cd72bfd9a1ea7bb8814613f7b7578c59
147	9f7ad2a9e534e5b3827f0874	789a2b43626ba1ff9a07f61c6b041be6
148	c543d358494097359475f9f3	75e5fe683a1f586c78312efefe49aa50
149	d911c9dbfcaade525b4b1551	cfcf9b9bca95387e0d98305f0660febf
150	91452ed2da5efb318d90fd70	fab9f64644802db03e73874c56f9c287
151	ba464a573931d37cca59529f	829eea8f34b653578c1211aa3e2e9b6a
152	4e88de64621bfff2c6c43245	91fbbe964bbe7ab06b128f2c3c81f3b1
153	ecdc611cb15a81fc9beeff9e	a2015dbaf5cebc6f5e39116f91f4012b
154	2e659ccc480fb8f71deaf2a4	f3e6d064baa76db83a165cbeabeb15d5
155	2043e4409905ae0456c8e4fd	e17cb58b80f4253ad791a00b334ba5cd
156	7a1d374aeb1a7402c56d5be3	1c7418c286a1b808751c2d93c8475898
157	158fc4eb5a1a58071fde5d5f	c42db83e9132f631c5401204e34cc25f
158	c9082b18faadec21dccc1271	a6e34d5c9f57dafe145c2877f357cb47
159	642e9d69abdc4ef1136e0a9e	5f7184ebf9b8df2f3ca17b4dc0a1d02e
160	2c59f85ed360d1de5f7a010b	75bf2c652733cf610d27357b428a0022
161	f0c8060f32a07008128b743a	805061513d6f218504d23de3a88bfdef
162	e68aed4ae979568977fd2195	a761633a35f14316fca95941ce6dff98
163	b1808eb06fa7048686c393eb	a7ffac193efddad17e9aa03a6361eabe
164	5ac1099790bdd5b07f8771ad	3d3f77ed038eb681e650e5b5aaa00f60
165	438b3fc57545f76d70c4f7e3	c12941ca1f0ccacba686b81aa4db5d1a
166	cf9946f249f840c6b6bbd312	ee87fda7d840c4692c858333066a8311
167	e8163e78f6d73c5c423e47dc	8a65775e8d64d3ba922d3c8aacb2a8d6
168	05af4218e661a9996144287e	0c8ef3688d204107270acf1db6ac4733
169	c6e83811d12877b732b5ae8e	f13ca177d8252cf44e0df92429a458d6
170	b90b5892ac5dc8ace23369f9	2ee57b058fd3cb415eeb17335fca6878
171	5b5ae611d89bc5ca00489991	fe2ee5eb1e3b4ec087d38311e707e43f
172	001f52dca20b29e50d437d11	924fdae0cdfe3f03264abc88662fa0ef
173	6f887a802d6835ebdb19c7bc	dc9160d0d96fa7f185b67d33757e01af
174	1d4e23f881a55f9f96391507	b22ff6a070eeec1b9f2ba31552698ef0
175	42d9f425054747c4165c0f93	03c83348ced7d5dcfa53b74c82648123
176	64a260d6ed55eaafbb6953c8	08c536b8fe6a022288ce7683f78130c8
177	a0bd35c01a6831af9e41b25b	dbb93a9c4435b9a81483b8280ebe39e9
178	888bc97117daa0a3c78e947b	e9ebc5ea7ed08e7177f6b4ed653d30a9
179	b62bd2ccf71a2a24c0729a9d	749ab6a13cf45db040859d0ae41a43ba
180	9b60d03d9fc4313da9b06f63	36c2c96e787df20d3ca85f7f0848a05c
181	add715c6dab60e6cb2527141	ea53eba16e6d949cfa1bd32c8835336a
182	09f852bc03f0e88ee7059ecc	d6750630647260e9214a20d973988ef7
183	38acc37d8443f4f0d8836f41	5f2781995929c936912bbd6d6cddc5bf
184	6b33f691e538cc0084a5e792	7294a2b7fc4fef5ef57da9231b037017
185	4ee80d31a7407dfd6c4d3242	c482854b88aa0522576c1e7c49b2d4b4
186	10865f36b03c4d2b4fb2d5c0	71cbc4a8cc3c569d7fd1cbc04919e8ad
187	7437971e7f4e501cb156000e	b014e2d5df7c17e86aab9aeca2b2849d
188	1c7392d6f6dd4e0e1d500b2a	dba659b98c7823106c672991abd5940b
189	51ea3da51ab86387150acaa2	b9f9f760389bed26787c108d30ac3610
190	913a1d6782eb39a7720568cc	e622485cd3ab10e99ef7c5c106909970
191	2af826a612edf9da103b240d	0b9faae803cae7be9bb35ec756e0fe89
192	e827f83e4c57e0f48808586b	8e617e800b0904799961151c48f9c3c3
193	8466f35372dd1b89f28d26ed	df39c89eacf8541c39aff052b079dbd4
194	6588982f0e39a2a03652be27	f27967aab9c3e9445419abdac6dc72af
195	970864a9179f454f4b913412	67091bda9a2b7fe104bff18e5b6ae149
196	ef7c0c8c19860ef8d0de0fae	6c86fbbf4db5d869295781c67a96e2b7
197	261b58ce62c18a176520eec2	b817dbe975ec752d88406806e8cf5f2d
198	057dad4004899fbf7f1de2f8	2e898eafa93e03b692815767305e0a90
199	bcb5316ee274bb41511aa779	de623a6b7421dbcabca075564a90f8fa
200	bbad060590eb720207b7223e	53a2c33960e59965091424e344bd10ca
