1	85024d9a2fa750a4dc14a901	3bb75147fc61aa8effd9337c75b97240
2	037c89bd6b9ad925ccae1f45	9185ce30ece925334ade62b41e20a4f0
3	01bd69a1a5aaeaf2d5468dd9	b841cc729688c81caf8d726bf3d52203
4	f714a9e387c6f440af7d1d36	809445332dd16c8cc35e3b707c192e1c
5	600fcf9debaa057531bad3cd	fad6c3602091339fcae57322ce078e30
6	1f1eaac07d1e800ba4b6096e	8c6d5450436b73c65d9aecc9a13ed227
7	4491c4ac16e5ca09ca9cae69	7adc0cd4f3b551d46f9da66aa0293336
8	1a6c121ae633ae3e55b337db	fe6e00b892cbf044052483070671037a
9	516306f16c5b6ca836d79e0f	e86ad4e8c768fa9fa968215ff295d048
10	839a750b6b1aa36a0d84ce97	71bd44a969c87719e94b1b3e1812e91e
11	1f9ed623a41e6c8fbdf813de	f6e5a2097a0951b125dc601b0e34133f
12	b9ae753119c1e04f2fe4e899	b84f9c5b3148890b544c12880fd19172
13	2a508677b929ecaae2a5d1bb	f2b85c0377864c21d27ed7eabcd02d16
14	7a833aa3aecabd8bc991adb5	209e6807cd3dd5ab6120010d8101659c
15	369925b018d44feb5dcfc359	ae2d37ba0165fa1e6bb5d1a5e470b232
16	e09eb92fa116022e245d10c7	ce0afcc99a9bbe950ea3bbf00e1f750e
17	15b4da86ffd53278ecd2c921	21cda99ff6bbfea95e1b97543c0f4599
18	4c75a90ed87cf2b15d6cea14	541c8dcf431b8b4992c2458fcabd6950
19	743431c037dcbd24502e44d7	d6df6dd3ca15c06c002f8640a1492832
20	b5efe29180ede8fb18310168	773a08e2bf9479971929eeb9849c8395
21	cf9fd9e9b27503056d51694a	6de126e435424728f32b4a9309ce41ca
22	36ca3fb1f141c9cedd3f3877	a64f7947f0a33ad254dba1736b744d93
23	8766490a4f8b257d3ecba8f8	604a5b0a0b4b925566523007d15184ab
24	7fec62cdd55b3f7b3dedb6be	731b9b5e4db5b178861a09503edf6cdd
25	f43b6e88a14bca266485b29d	ef57d54fdd6664555dabdf9c37c3707a
26	80f3aeaf48ce1e696ae7e5a8	863c96f9d6eeb545edf99c38a526f6d5
27	8fff4f0606082e2668926e0b	43efa5ce0af705cf3b29ae710bdd4518
28	fd3d4bebe23e2d649fbc1b02	7239557903009b6576e43f5106cb960e
29	ee66411d391668064ba6d8b2	a89c153edcc111c530e28fa37e396f1c
30	82242fbcba8a3434b14d918e	fe7d57a3fe55c4c8c3bd81cb87c2fa31
31	a2ff6880514712027f90d5ca	60d37d771381a29c76060b22e346d891
32	4ca5894e0469216986a6505a	cc52d01c777f77a586f3359f92a096f4
33	27b854edb3e625c746c9940e	25c80c758c72f72dbe7363b1234cb29a
34	6707d482ada7bd88ab11148c	88e5aae297ec5b3f60d0877631e94394
35	7bbdf56e4a4302bbb9c95dc8	25a2e790bf8bec1d50ec2f6445ecd2aa
36	b9d56c3606adfcc5a93e2467	9e67540968c52b67352624ed5a6a9d14
37	1a76f8f616d7f5b9ca4f0408	303f4554de06ba7b89e9497281537217
38	f6cc209d7adf6b15fcb3c3dc	eb803b80a116847749d8ec6130752661
39	175e94674c2607e3ea159395	8a9fb4697231a254f1ef0d09671c3a08
40	def46c234f84c7f27c721f40	1410f633aad1bba8457fa60bad29428f
41	bc13fe1eabcfd514f69b0133	fdbc3b8f20d478527a8278b2613a3167
42	d1398f14b250285823976275	0dde8a40869c10e62d898e95006da74a
43	b6137a57892a004723de20b2	dbcb0dfe4499bbfc2a185a281bbb55f3
44	8383ff97d737f8a71f23fb90	71625d14a03d3cae1fdd1d1540e0b52b
45	23eb946af79d677a70caeb76	8636d368b2052fedd7b33604703292f9
46	1321bc062b5d9bc74aeccf15	74da5e1541ffa8d3d0078e8b1ffe940b
47	5ab4a3041545bac39305824f	941906cf6fa8a4cbcda94d815476847e
48	442674ea9c233a312797da0b	f9e1a556352509e837567f07633e10b9
49	50038f47e9cb99e41e4970bb	9e732b082f5b0ca78314e4d47de8e07c
50	b41448e04feb4e7abf232a00	afd176ce123518fcaa7803079054d473
51	92952418cd36008cda5a12ad	ef6531193ee4f5bbe841e4b075ba4329
52	102a1277fcb62a780d78748f	d12b9bc0dab8f0ca280b2dd7279ebcde
53	a0f4dd48ca6001cb941603fb	c85a6598d8f23b75a0cd92078e8c582a
54	a12a627e30012fec870c1a04	a5301844f9209be940abf43f1fdfe847
55	9a5a762b87fd8ecacc82985a	c6064b2d8ac726ead1bd29e529cb2d5e
56	e0de103c8a7862caefb02783	da09eeef9a662da3edcf8e07333b8646
57	8cb94689228b27843a995d99	1155bb08de91a9c73c4a85b8956f6d99
58	baa284cb27b75cfc9ab04552	e3a31e5153ef1d350ec64eec53be506e
59	5b85a766b7c1c18d840610d4	bd1baffc7772a213b203ca344f93a364
60	ebee5d78d177c0e756c3b668	6fa4fb5c93c77b307664100be22300b1
61	275b14f6aad44dba14d8ccf6	aa4c449df98974e3def3d966d0459251
62	7a302002bfb8f9d2b106830c	b2a609c01ce024253c3613a09328d0cb
63	6b8360e5c8f4de12ecf4be8b	1cd2e90a6718bdeeccff343ae49be839
64	8decba31d1fd43ff54b714c7	57bd27bcd399ecc3cbf882234152b43d
65	6ef501c4ec0b0704c3b26a59	c3f06800d1028b09bd0aaf3db408226c
66	190cfe50ce71633110f48c09	cbb27d9c41a500f96c1093afc9b3f280
67	135f63a12ad555dbd6b3adca	5af431cc28d6b275615a673790d7a13b
68	b534bf4aa418f57cd2fb3dd9	3e075a7722b5203e191d83348360c301
69	7653007102516df18c9b4840	f4be4564a7b8f9e681218f651defb8f4
70	087a74f54ff1cdb9a1cf1bc1	e65551da83cb6565ef831e5f22484293
71	191189887f3d4eeb8f0f7b92	5199528175c90e02cc9ffcc451606494
72	c3a6758042c43ef17d9f9cf5	e19ff4e9cb4587f74344c314b9cd0a4a
73	31140498c98dbe0f7e3b31c8	c2a244bc13c486de5f3d01945a40af3c
74	e006e9f0d751ca657155f424	abb589ba6f900d5a049042f8d1267273
75	8e8ef41848bf7462ab21b7d1	8fb3d630163c5b6d57b964269833c79f
76	167e95a59bac7747273d41a3	5d323719122d393bdcbb368a51cdd260
77	cf596a799a3a92731440e522	0d5a786a43222d095ea26d5f4628758e
78	8180e97c1413f1282bd30c66	59af10cc69cbcf0a0a51b6d63062894a
79	ae775073f3e3b6aaef1a8847	30f7a73ea3d40bace56811f07f0dfed0
80	7e29c83be9e969b8e0939fd0	3dca026e509c3c64d6459481bbfafde8
81	4ac52c918ebf1729ef99ef7a	5b400623fdf9a21614d5ba7706876185
82	8061e10ce8f6feb59ba95cc8	247ec56982681092508f219b113631c9
83	dbafa992fee2552baef1e852	712b698e07203798795d9297c2b4d51a
84	fc6d2e5ae8c22e29b7636654	04c95e9f875a1bf9a2438212e8527640
85	44930c11e7a3fb755d2ae6a2	4d2547ac2ba6296843bfd916d39f1a03
86	08bef079acf8a3b0713d58a5	11009f75b4a954462cf070f64847baae
87	f4682d43d46e21c5c759b7a6	d75db38386c57573926e401aec4e95d1
88	09c8684ac4ae48eaba10bee0	1b2a6618cca973fca3d354270e38cabc
89	6702bae01258c840c8257418	fa4940593cdac386f17d55149104ddc9
90	6630633bd9c7581538a04532	2d31691ac5340b6c71ab129f05ec593f
91	32ffc4e27e95fa37bdf2537f	4279c16f68a1bb96ce1817cb649c47f6
92	5bf0d9611b54b92c6007d708	020e78b19e2d45208483af90b7e421d9
93	5565d433a9e2df43fbf325ec	cfb117d7b290ab37ffd65fd5e4466230
94	59cd54337972b4b990c06ce2	850b1f742ae6c41c2a47d2c4f0a1b72a
95	98f7395c0f4e0a643f196437	afddb07a4c730fd60213146671738e3a
96	70a8f35786130f8e651eed34	676de927b3ce402e2b69607ce98ba172
97	68fd378b725eaf143717083e	d3fd9bc567a6014e74d69c8e4edc3c37
98	a7f875be164fcaa626944089	26d227a696ba80af0d49d744186e4b27
99	0568698ab1cf989024517801	4d3dc23607bb042b90b85b946a36e489
100	bc2cb0bf6cf3bd83a2d0b6c7	287fb82734c5a7d61e68cff1dfdb280b
101	a5cbef7d1f16c3430c342e6f	bf5e277571dc6f1258a245e327534c7b
102	8e4efd9862cb2780e0f239b9	02726e24021768a18ba57d89b2873742
103	3e03164c92ff225e9d5e43bb	f34118345b35ea63f925793eb14f6758
104	6a41156c16effe394c7aec37	3f890e5ae452c1ecf1775e840637e7f9
105	0df200057b5aba87d7dce2aa	fc9250078a5583ecdf9cf7d70a0bdcce
106	9c9742a16e53c4b2e860c677	e1dd289c9868ff825c5895428d940c5a
107	7627f261a9563e0ee7c24c26	e6504cf876589ac4ae0ba5330f116446
108	84655a2240dc232b524e1f02	975e12671e2456e47182ce4ae27b29fa
109	46a3832ae286201d16da90df	181f0c7e0398826c0fde4b3c488d5247
110	eaf3c2540f291bdf69183fa5	b91c0a095501184f04b1a21e39d3f55a
111	09949c3f51757851e2a6372b	28f406dfdfd74b9e1521fb9b150c409b
112	636410602865013014ace7ee	17869a705f68369c53b7b400a2db6534
113	51115282f1259278057ab4ca	c1f97184707d2c2cd36e74eeb5110d40
114	3cd77f352d8008ff04e75640	ae3dc0d737bae35b3a3f5dc4722c5d94
115	bfd0e8c3b9883957663b60ef	272f60ddafd9f20c77db44fd567fd4bd
116	dea091604db83eb32263b44d	64fda524694c24a3803eb2351daf1738
117	12ccf15968bad9e955aa2f77	2d877ffac68290131f685be89efef1a8
118	d6efa281732dc307310d9079	043c8811a6c42ac6d6a80dff2b0e1d46
119	bcfcd1b35a2524841a8c1335	974d0396af106ad1dbb06a97d2128f5a
120	e0b03a2b94c59c09a8fd3b5c	75da61dab6028d2c17b6921a4f83edfe
121	0a67b3aee3833583d515c2cd	dae0ce7504f99bd02080fdf8cce09812
122	7f7cdbe48210a29cf76fc6b4	0e7164e14481b7fed1ed86da3b66d1d5
123	9ec6bf18d1dd60b2d8aef420	eaa65cb63bf85daeebc777e52ee1d011
124	dbe1ea3629df05d5a9fcea3d	89bff5d1334d0063965bd8a69707cbef
125	707bf999e2b5ab19cd746ff5	98d0ddcffe9d039b24ec5e1402a800b2
126	7caa3b4637d8e5b8edee0106	10192f31cfb38c9b484aed20979d31fc
127	17018d1e28b59f8aa4668bbd	b422000aca838a0037f36651fd401396
128	6cb798300d346fdc28e97598	34e3a5c5a285d94f5b951ecec2211087
129	6f625fc9d2343a99d2ae8d6f	a2b43cb72cf5778e56be41df41cba181
130	a83d28930e85b7b5dbeed2f2	5aa018c2934a384ff56442e0e2437ea8
131	4603feb5f7f04f978566d9cb	bf69c542f2d3cd1ece1f2b0c5b9551df
132	4d9842fbc2f4823a2207b28c	36ab421f63867b4081d0ab2c7e1f4d15
133	11e5d07d994cc4acc143d8f7	61849e02d7c88f02717eebe93707a94e
134	0e289b307d3794bfe6e49c8b	86aefa854e6ebca8f94e63d4e879c8c1
135	0f6460ca876622387ec08863	c746fd9fdb3c01faddf0274a58dae770
136	ee4fcc2b8de28821838be09e	1eabeae9bfda225781cb0c019fb9310f
137	9873baf236c8fa63b9151965	c845bc35c9decd2661b429d2f3a7ef2c
138	99b9027d1947535b75fff3e2	6e6b2b78d58d8e7e30bec6a633805cac
139	824029c725812680a3feb9ae	f0c1ccb862a7e50df51b8d3eb5894334
140	63d52c026cf9885198b8a562	c20257686604e397c3c797dbe8266dbd
141	79381270eeda6af55fd16876	4cec347727ea5f4df40d4c21f72d75cb
142	704bc090e97fb956b2214b05	70def5ff9e8463018b0338628f7a6d0e
143	2e51cd90ecf2c5d8fd9514c3	8c41871c413919ef5d5ffc5365b3d33e
144	e3bb4f23d402da47977123ce	7ca07dd0eb3379baa898380a3a90d265
145	86b03692f6402712c49ded9b	c19f3bd32eddd24b8e4ccb4d1a2325ab
146	25ba29cb58a08bf879eb786b	7398372e64cd48a44a90a580646a3aa0
147	df5b868db01fa4c10acce115	30a64399827980937d8f474fc258da06
148	c222ab69e1c1dc300f55cd8e	c9f5ab266fca5bd971fb6c405056e709
149	f7581388556d3c343acdb4b7	5200f142b00745e20d49a6b9011a24ad
150	fb627f7c2314538d3252046e	b114d9e752840495d8b0eb31f7d4ccf4
151	bfd6ccb344d65dc8ac36581b	8daf4c2a90316c7dbe9b445e719b53b4
152	7ae60272c0853990b92b0396	e04a744b860f5198ee703d4987254476
153	977b9ee5e083d82b0e585258	0f2ec8a0e02b2e1cab05be2a21819bfb
154	99ed2f2d6a2adb318b4fb226	9050e67aae9f63dbede8d2d2319f839c
155	9b3ed86b74d64b620f125774	5c5d813ad82026cb7c0c8dd7cca10b26
156	b85c6f0da22c2e857bd825a3	89e4fee8411e9b663696d9b244af45cc
157	45a3bc474416a2b5eae0e391	4d05b55637e961d39057e419663833bf
158	ae98f155c143af7556061588	f637aaa91947926169a49a1341580ce2
159	8a5a082a95c982da98038f64	b0083c599be68559efd26f8163876fe9
160	dc4e976e2a621a61eae74c1c	a216cc038b6fb308c9f1fb58a2833c19
161	9582f598bc6bbb41b85bc41b	bd21f5b2c466fc0e193aed1852c1e71a
162	f186c507521d1bf45d591680	66151d7cd8407f57c300661e8da9f128
163	32b96f8189553eec181dcd1f	59d4c6135dcdcd21aa51b9f06d29f674
164	302a75975511e49c79a4633d	e71817746d4031ffdee4daa597599a21
165	de6c00bdaec0af26c11571d7	22c48b1b32ad2d8150a91d668db9190f
166	64a4b9683d354e27e21cf176	9380bc5c165dad7c2a633bde25e8411b
167	79732226df7d9a82a9330dae	54b58f8164cf3a7969a3814ebd00d859
168	a3d6dc2161bfda776afb2f3d	dbf6c1b94f6f24fa367b4a8373ee5810
169	3741cd15a1d5c2c0b618f2e5	6ea8a73c2973109fd5486a1ac25713d6
170	8263e36f9da52a6a47da8ee7	dcbdaa190fa7780bf6b09cf2f1d38d07
171	075c1e978e890f116e7d946f	10e364e906409837371858684f0d8322
172	a52475ae28aed0b0dced5240	04e3c0d5afaa6ffea40ca3e309cd75da
173	121dc0f4e4f4cbf13e707414	69bddca009dbdb43dba4e54aec67c3b6
174	3f64204392d987204ff55529	c2657bf9f1aa808c1596dceda5cea76f
175	eba19e91fc45c006dfaa5b89	34a10ed9c47f726b82fb9b4390c102bb
176	4d22d74d91a24b7cb404bbf3	7952e1c6ef2da85678d379e8d4df856a
177	ef5c65a79c4fbf59064de629	049728f3ceed7e09026999c2ad36c82a
178	b0c405221e6c541e44c0ab0f	69d835f92f4a278e6e59ef9dc6737fbb
179	ae6978bafe2d1e562d7eba22	564457f222b1e0379955f5f1387f924e
180	aed25b4c1bb8c8e882aff2a0	bab7475dc7e7f3fc9f8195fdcddb4c49
181	c15d8fce42ccbb9f66454e90	f4cc5bd6f37ebf81e9f81505a2a034b2
182	445c318f0eb7186f7786db98	34aeab50a7307b4d5f208b72814f1925
183	f786b991f157ce9c4a13f089	b2bd011bf5b2a97d16cb6741e75b6c34
184	75d28729c1209de87f5a5a0e	c570735841addc96ebcc64625763bdfa
185	e3a89193a64396e2696eb09c	a452248c2531a65d05e802d6ca546614
186	185ca0a073418aabddf8aff7	1e298fd39a6b1fe0b60c2cca811ff61e
187	1a2cfd4afddad9241d6aa51a	cc4424a39049b42707b30f12b4c6a374
188	cba9a2db8ccbbde7e3d9e957	58895166326ffb543edd61b1a67b6f8f
189	4d046223778dacbb9a4acbab	b58f4ebd505483ce22eb04cb2a40f11d
190	fc6019c23dab49bc703177bf	c68b7ec4c00eab8a4e8b92120d27a6f0
191	f8addb9c291f50680ad691bc	ddf80a042e4b288a42c80062a2f40c58
192	7b1cd7ea3d77b62de5709d7a	098a3a9788625136a9ad6682251567d6
193	8272603471d0967a5e752a38	9119708d76b76c1f518555f2f33f5ee1
194	ab81c00702f416fd671115b0	e5ff3e63f2de1e5a1361078cb6dfbdb8
195	6ce714628a87a9e9d985085c	d6c9cc19070f209ed92ca35302021a87
196	96310215f87f1c165c5aef75	2eb85c5cd093475d25703483a44ec4ad
197	20afb6ed45c8678cae1dc8c3	723501b8e0d5bc41b6c94698e6b05e75
198	8359270acaa6902a1a165618	b7bef32454805f3c036d5340f8b1261c
199	84575fbc3ad16363674ff17b	5a73507199570c3bfa3c24ca9e2ee2bb
200	6fbf42aefea2755a11f0431a	0ca63d2d05d1ef4182fa23436f046926
