1	1fa1422dc3970d41228baed5	76b119bcc7758041e6c60e46a9cb4119
2	b67c190fe29ea7e97ad0e081	81c41d97e40c58d2fc2934155eeaa276
3	690f18dacf47444c342c696f	25bd28fa73b0ec9ca0f1940c6d9bed52
4	3a4a2b28676ed5902a4884a8	adcf6ac1eed69c842356e913fd85eeff
5	45b1ac0c00135d6b025c3951	b7ec2ba97da13878c8e74bb82201e8f8
6	9b6f8e900a863a66d47ff98c	ecd0a98c1b27a92ceba9a2e963746955
7	708e32d927792c6b13474099	7b012ecb4d57108f741aa63751ac14ac
8	b643c13af6300899122fe6cd	35c1f6834a59e685e4b4b7612de098d5
9	cf0618def374c4f315646491	a10745485f715768ecd148b32f627f9e
10	6489d2104500789d993a7b64	6b9ac1d98e55a52e717ff3bc8d4001af
71	b93e310e3db6219ee511dab9	1c8d4789ce7889b6ce0d80415a431686
72	242c3deb5a277e9216fe638a	9ed01edd29bbe53ab41a3e96fb0d638d
73	e3126baa1d71d80a9dbe32e4	100d61cc3c1ee71cf8b4fbadf0849558
74	5b0b26f4f2ee9ec8b51831c5	1ba3e436c0eb9eb26734aedf5070f13d
75	1d532993d5dd39f8fe85ec39	5dc13c17e430d10388fa43ef0d2e6b65
76	3822e74e21fc4b13d1b473ee	9a92f93036dcec0367741156ad7bccb8
77	0388e58c343b298d0e4d8a8d	0fba4cb55ad9eea907721b75e455747c
78	ed6aba42a8ad8f39ba5e2e39	8dfab057fe6c48c05bd113e4c00d7fb9
79	f4a4a2b65a49de05a0b96bd7	a712a7d5a988160008812167ab561dc2
80	369a4836ccc24967754bdb85	a2463006b7ff865bdcd891d675e69eb8
81	14deb4ced5674439b28a7e23	73cbfbd418f2254d87918ad3eaf21f1b
82	5991cb01576283f1688dfd1f	8683ad2d3b441dec82581970abbc11cb
83	c42e3a152e0a4737518a7f9f	0610b6b25c3cece3508baf486b59173d
84	18b285cdf9d043b5c083419a	d216031a034e795fe8e3cb216a664731
85	d1150750edf256e62030982b	f46aee68ff90fb4624b0255de1b06c7a
86	586ca0a8344821bf94055bed	acf65f4e5487dfc60512fdcac55be0b0
87	733bc8aa25461a244d50d714	56b4d3eed1e294489d5d74aa4912206e
88	3828dabc990c25a223fce76c	b15d24a6ad5ec065b5d87a7082289084
89	ec2371dea10a12ee9b8d3d67	f3df6199ed7ea1792e089853215ce10b
90	142180b1dfb56c9195c608c9	e606a0c35e035d2eb6d933a6508c4f4a
31	ddd89bd036926b34e6ca9856	a9e72c659b5693c6260b1ab4589e68ba
32	fb508d86a6ae9fde99ac5241	c10b115ed63eb3b3f6475be30177f956
33	f6b7b20b556432af9ab4e49b	fdc3d4ce15fdc74a54fd4a1ccc663b10
34	bffc78107292f91b8c1a51ba	0ea27d96a9cec7587ddfdb0354548755
35	d6a1a1d25ca3cb3b6db0b185	327d69ed91f420abcc687bfc9394f871
36	c77aa936ee3935420bc8f18e	14f31f9e4342f814a1704495626d4b88
37	ec4dc0c076849463d66a955f	ceb6a49d13e449008b61a1519a47d679
38	ef8824f0a6a2a98e61d1dcd7	fcaa2789c99b4c0ddb20d64fd369119d
39	e94db40d8c4909697a7d1f11	f57d9c92ec1694d5f817ca37e8dd9426
40	da55756e2c7c1c5a34b8f432	735c966e7209a789da1cba2dd94046ba
41	f0ce34ddcc9310adbfd7d91b	3855a674a575297dd21d448a0388cfb2
42	98c48617c77bfc9547ea5ec2	617099189ebeda0ecae1d6e26e950e49
43	6079bd814d312c9abe1921b0	d147a3aee1e68965f6267391ac186dd2
44	67f6c9235a3d59cb6a3562df	d0d1cd81a80261c3a504129932533201
45	f5cfa4a76e3fecc7167e5062	7ca83d3db60eafe517f02abae55a4075
46	d3c6549c56c3b0e445698701	340f60b3d86567e8ca88906ecc8f058f
47	3162a91488be01f91c67a164	a961d5838b9d99adf02443f467b4220a
48	bd800d76f9dfda00b01b2534	b4c4dbef0ecfebe3e2d584f429f636e7
49	36aa3c00e619fd7f4b604f5b	f74b7f67d71619bce7e9b341b9aaa39b
50	d16eb0be83d9b27ae59002ba	b526e2c4c4aae8f57e183ac853758fbe
91	70eeef6d9cedb4eeb1703c45	0c6c2b8154a76938db405235e682e12b
92	4a73c386da08ecf96e78713a	3b6e3480f90539da4e4fd63bd49e1c60
93	9e50a9bb99ee325b68726704	6feb5c1a56c9f5dd563c564a4465128d
94	12492e76fc00a0fb58a9ce38	09a077a64292576fcc00252e06fbf5b5
95	6751ec098d365b26f30ad09b	4be8b400c599b07f7ae29b28caa053a1
96	43467880253d4c538a059466	51652e46cdbc9a74074869569b49c7c2
97	3dbc168a0a9b5b991c0faef2	ae9f195639319d2ce6911eb673807e40
98	26ab604f55cbd0fdb3a03693	dda5b1189a212ed6d92ad65c181388c2
99	e7bef9dd7a9ff7aa9c6999b7	816e2ef3e439b828b776ce6412ab536e
100	6fad7228a98426f85d39fa85	888f86da5bf34230abad7db647c84828
51	11dd399d1c4dbf4f2574f9ef	79da17ba88493d8b6d20d7fdb5c032d1
52	31fd4863e580cdc05a619597	f521cf9edc1d80904fe2e6bf3943c6d6
53	80062441de60697efd1c2fc5	7aad7074ae70dd89b880cedc557fdb0d
54	df79c6c3b97dd10acd78ca7e	13c6b43f1c2b4f224b020b33c9fcf6fc
55	9c21cb55c811db2a21589743	6956269252332112b50891ff2f218c68
56	9775d1578e5da6a527180b86	e24b3a9a2deb5f29a22a8eb46feb239e
57	40db00d7511d796fa2958b72	2f18de4ef10f8c55ea71af0d0e51ab6f
58	78a6b04f388dfac8dd73ac6c	2f071ee9f77e6f0de621fde56c5dea1a
59	0476aea598f76003573224d5	04bde49024faf1a00299d8a8fc24d979
60	289f89a48c289ed3f7c176ea	4acc7f22993ea304c62c82372d6ca44d
61	7d42ffb6ba79e386c51169b4	aee20c91fb8c704f06617b594da7a31b
62	9c63618855d7585d864381ec	5154f4487cbe7acb81878fc8dcfb7a34
63	ded754cf13b4c3aa7d3c6f80	a21159cca9d5c3ed860d54f6be4dea50
64	7f73a2eb70cc9d1dea5a5dfb	d12dd1d435aa1785b10687dbeae17195
65	26b49a7058abae0ea36b4abe	1c004c77555fe9b74f73872010f6a4dd
66	7c0b1fb3f71407489afe3896	021dca4117dd9da6bd63f64db0299dcb
67	6a4db075972081cd09184ef2	6e95f3ef40b086c953a5a7d484c5cace
68	8353a9308436ed975326abd6	6872b6ced8f758d13ba59b226f7ddb2a
69	88a1b97880ae9a04051e73e5	a64b7c1128bda6be997af836f03ad303
70	1479dc1b127a91828953d21c	13d08616dc8602396c4f5e2a79797ca9
21	415c435cab9df321fe4c594e	bb966c49651632f037ac3dc4d815edaf
22	e672ca5a780036a4958737fe	03c2d010fda306800261eef0edcd6506
23	b741705ab29a6300cdbabeb0	5c3594892a6af2acf1214dbf62a06a54
24	80b80758136e50351b3827e2	caabcbbcfc2096a3fee431001f90bf8b
25	cde043802dbcf84f65906a7b	60ae02ba8f5af854e79a07dce1cbedfa
26	ceee5dc0453ff54fbca6d6db	cdd15c529aac0c146181149a7573f5ae
27	7bd8e49b0a9bac001cad544d	633b9aa81c3f991d477c9f4e7e6834ab
28	859afcff8a284362f902b93c	3484cc9b2734c64fe262952ce2c41938
29	1db3285d9fb81243af952451	0f18056b43f9a7f4ad29efbbe5d451c8
30	cb112954c1cb245f864914bd	fde346b31e4a16197c5ec1078682f7d4
11	379fbfab1d8dd5baf7c24f1c	b0b4af71987dcd551ca05159024740c3
12	4fb29ba589967a40bdded924	38d5a143e5b09f09cd62c1c52ee58318
13	38ba0285745b73ff83499e6d	62a3701a62066822c0fd6e90266e5726
14	d8256d8cb32b6b0ff16990ac	c5d43918bfcbab81e476c698a4d469c9
15	08fa8dbdf56f184ccc218f57	e07626f77b6f6b3c25319eba144d6067
16	9cfd4da8ee97bace8400c78d	b58a69898e7641aa9b857bc912e69ea5
17	d104911e69b7a6d34a65df94	9c5e0af46d7db72f761666b0b1006604
18	9a33ef59483bfdde10976e3b	df80e819759bf81ad203e997bbe1ee4b
19	81566086f59d26dcfe06540f	a7be2b0178a739aed142473b0e358c24
20	0e60399dbcd9c1816f692fba	970ce9f3f8adc16b25d74ca0d123e781
