seed	verdict	end_min	js_errors	clr_launches	clr_held
1	won	41.7	0	0	0
2	won	39.0	0	1	0
3	won	38.0	0	0	0
4	won	32.6	0	0	0
5	won	30.9	0	0	0
6	won	41.3	0	0	0
7	won	33.6	0	0	0
8	won	33.8	0	1	0
9	won	29.5	0	0	0
10	won	31.4	0	0	0
11	won	39.9	0	0	0
12	won	36.0	0	1	0
13	timeout	45.0	0	1	0
14	won	29.1	0	0	0
15	won	29.9	0	1	0
16	won	31.4	0	0	0
17	won	33.2	0	0	0
18	won	39.6	0	2	0
19	won	44.3	0	3	1
20	won	41.1	0	0	0
21	won	32.8	0	1	0
22	won	31.0	0	1	0
23	won	43.7	0	0	0
24	timeout	45.0	0	0	0
25	won	33.0	0	0	0
26	won	35.0	0	0	0
27	won	37.8	0	1	1
28	won	33.1	0	0	0
29	won	31.9	0	0	0
30	won	44.3	0	1	0
31	won	29.0	0	0	0
32	won	32.0	0	0	0
33	won	39.8	0	0	0
34	won	35.1	0	0	0
35	won	39.8	0	1	1
36	won	38.1	0	1	0
37	won	36.5	0	0	0
38	won	28.1	0	0	0
39	won	34.5	0	0	0
40	won	40.8	0	0	0
41	won	38.4	0	0	0
42	won	31.1	0	0	0
43	won	23.1	0	0	0
44	won	31.6	0	0	0
45	won	40.3	0	0	0
46	won	33.5	0	0	0
47	timeout	45.0	0	1	1
48	won	35.1	0	0	0
49	won	40.9	0	0	0
50	won	29.8	0	0	0
51	won	40.0	0	0	0
52	timeout	45.0	0	0	0
53	won	30.8	0	0	0
54	won	34.4	0	1	0
55	timeout	45.0	0	1	0
56	won	37.4	0	0	0
57	won	32.2	0	0	0
58	won	28.0	0	0	0
59	won	35.0	0	0	0
60	won	36.0	0	0	0
61	won	33.2	0	0	0
62	won	44.1	0	0	0
63	won	28.1	0	0	0
64	won	40.5	0	0	0
65	won	39.7	0	0	0
66	won	34.6	0	1	0
67	won	28.4	0	0	0
68	won	33.0	0	1	0
69	won	38.9	0	0	0
70	defeated	42.3	0	0	0
71	won	32.2	0	0	0
72	won	38.2	0	0	0
73	won	34.5	0	1	0
74	timeout	45.0	0	0	0
75	won	24.7	0	0	0
76	won	37.3	0	0	0
77	won	35.0	0	0	0
78	won	32.0	0	1	0
79	won	31.9	0	1	0
80	won	38.2	0	1	0
81	won	25.7	0	0	0
82	won	38.1	0	0	0
83	won	38.3	0	2	1
84	won	28.0	0	0	0
85	won	38.6	0	0	0
86	won	28.2	0	0	0
87	won	38.0	0	0	0
88	timeout	45.0	0	1	0
89	won	35.5	0	1	0
90	won	25.6	0	0	0
91	won	32.9	0	1	0
92	won	33.9	0	0	0
93	won	35.4	0	0	0
94	won	33.9	0	1	0
95	won	27.4	0	0	0
96	timeout	45.0	0	0	0
97	won	29.0	0	0	0
98	won	39.4	0	0	0
99	won	31.8	0	0	0
100	won	28.0	0	1	0
101	won	22.5	0	0	0
102	won	25.6	0	0	0
103	won	31.7	0	0	0
104	timeout	45.0	0	0	0
105	won	36.9	0	0	0
106	won	37.7	0	0	0
107	won	29.9	0	0	0
108	won	40.6	0	0	0
109	won	38.4	0	1	0
110	won	36.9	0	1	0
111	timeout	45.0	0	0	0
112	won	28.8	0	0	0
113	won	35.5	0	0	0
114	won	36.5	0	0	0
115	won	32.9	0	0	0
116	won	32.4	0	1	0
117	won	33.9	0	0	0
118	won	26.8	0	0	0
119	won	32.3	0	0	0
120	won	33.9	0	0	0
121	timeout	45.0	0	0	0
122	won	24.8	0	0	0
123	won	32.9	0	0	0
124	won	27.3	0	0	0
125	timeout	45.0	0	0	0
126	won	29.6	0	0	0
127	won	30.9	0	0	0
128	won	38.1	0	0	0
129	won	29.9	0	0	0
130	won	27.2	0	1	0
131	won	26.2	0	0	0
132	won	31.0	0	0	0
133	won	35.3	0	0	0
134	timeout	45.0	0	1	0
135	won	29.7	0	0	0
136	timeout	45.0	0	0	0
137	won	26.9	0	0	0
138	defeated	28.0	0	0	0
139	timeout	45.0	0	0	0
140	won	38.5	0	0	0
141	defeated	43.0	0	0	0
142	timeout	45.0	0	1	0
143	won	28.3	0	0	0
144	won	41.3	0	1	0
145	won	32.2	0	0	0
146	won	39.0	0	0	0
147	won	26.0	0	0	0
148	timeout	45.0	0	0	0
149	won	29.6	0	0	0
150	won	33.1	0	0	0
151	timeout	45.0	0	0	0
152	timeout	45.0	0	0	0
153	won	36.8	0	0	0
154	won	37.0	0	0	0
155	timeout	45.0	0	0	0
156	won	29.4	0	0	0
157	won	24.1	0	0	0
158	timeout	45.0	0	3	0
159	won	36.2	0	0	0
160	won	27.4	0	0	0
161	won	39.1	0	0	0
162	won	43.6	0	0	0
163	won	26.1	0	1	0
164	won	28.5	0	0	0
165	won	32.4	0	0	0
166	won	30.4	0	0	0
167	won	23.9	0	0	0
168	won	31.6	0	0	0
169	won	34.2	0	0	0
170	timeout	45.0	0	0	0
171	won	30.3	0	1	0
172	won	37.7	0	1	0
173	won	34.8	0	0	0
174	timeout	45.0	0	1	0
175	won	25.3	0	0	0
176	won	34.6	0	1	0
177	won	37.7	0	0	0
178	won	32.6	0	0	0
179	won	32.3	0	0	0
180	won	30.6	0	0	0
181	won	37.7	0	0	0
182	won	36.9	0	0	0
183	won	31.3	0	0	0
184	won	32.3	0	0	0
185	won	23.9	0	0	0
186	won	34.2	0	0	0
187	won	27.6	0	0	0
188	won	30.1	0	0	0
189	won	31.7	0	1	0
190	won	29.7	0	0	0
191	won	33.2	0	1	0
192	won	27.2	0	0	0
193	won	29.2	0	0	0
194	won	27.9	0	0	0
195	won	21.8	0	0	0
196	won	32.9	0	0	0
197	won	31.9	0	0	0
198	won	27.4	0	0	0
199	won	29.7	0	0	0
200	won	36.4	0	0	0
