15	78d5da351b029128025fe64f	017aa3b2b1263ae292d4a6dd39d0a6e4
16	a5d685bee4f06a87d6050411	0c35e362547da34a054c0ee791818488
17	d4b4b2fddc3c27fe16e5394d	ce4ae0b19db06d8ad09a99ba14321831
18	25b861051e15315f07150d98	8e59485aa28cb454840b1adf7c86a134
19	de0bc823b8a8010e5ec67e40	759e5c0c0baf35e4ddc5cadf34a3b249
20	d420be19a82c5cd1e2a499bf	962d5b81e244e3dafd1ab071afa4a750
21	2086247a7ec8ea1d0be6b0fb	8d723ab7937c87526e548e4db7baf433
22	ec07530c8cca25aafa2b1b31	95b7165a0a53ccfce4d3699b54de33dc
23	3b8b4588ff5337de2eee495a	f71bcc2246b432da7ffe0f948f6f6791
24	f01e00c96797bf1aba3a1346	888106e7f21e0e590c8bd88358e7bf98
25	f7bbabbc2338d0ae9bfa850b	90e2b82bf3614ed9f600f070d2be6f02
26	943e87dbc86962db1080340f	e7baeef5e01870b2c391b3c18bdb0689
27	aafe6f64d3a7824e3f22f9fb	170cc4365b9aeaa596bab656d19b001d
28	0f23ad84d8ce6b55be01c95f	f7d0621e1bb04d39695d12a727de801f
29	3642c779e4e47f92452c2aa9	6e312f0ca9b21e0f9fedf8b4baa6d58c
30	dc30780e3f59a35987485946	8a43a0a714cfa625375726f5a9a8d080
31	81e29d6110fed5087102fbd4	ef1c8229e45071c09deea752c411c845
32	85d98fcfaf244b02e01a8e62	b160753ebf5235f678df820d202c56d8
33	ca8c4c541887d30fd4b75fd6	eceae3fbf71733f964a345dbf797a419
34	94967f0be2a6f13c755d9fc7	bf80516f1a71f707fcf815bb8d8139df
35	093fa0fe25a40308170552b1	685d0ae2eb3264bd190bfb4cd178bc26
36	b324aa0e986861a138700d3f	af4202719c83003e75e77ee22004dff6
37	9db1bf088d1cab1ada4f3fe5	b6e766c8d4e63af53c832fbdf2c24edb
38	f57614663b1e3f7cd8c2a650	186c4633ecae771f223a0c9b05e44dba
39	3c3c3d56bbbaf5c6c9b84180	e13c074c0b026ec3c9d5dc7dc368b0a9
40	989287352b1f51e36c0d7f19	3b03d94d6644fdd81e4a76687258355f
41	5894db3cb1de320d137974f0	0bdbccc0cd128a0d582e9030bada2cd7
42	7490881f1302b5d61e29b635	ed6d2a5d383e121cb2f101bb2903dd93
43	962c11625bc7ac0bfca6840a	99e1c9f84ec799d92ff8f2d276af8003
44	37004338b1d8dd68ffcf58ef	a66a87247889751265c12532698131d6
45	b658f0672b41b406ea59b782	3147491ffb890bb42f1fb74722cef265
46	f73320c42609c29d1fe39092	21e531424febb1fe892e7c05f8eb72cc
47	bae8838f9667a1133a733fab	bd09fcecb78bb05bc95764dd536b07b3
48	d5193d6a69c05ee377a08867	a72f06bed3c6d583ef3122fb7b1247ff
49	c76c66c52d5afe6a4080e33f	646de4ae6443d671b5050548e79dbd34
50	d7e2622268bbe0b07b508907	9adcd5c5784e5b7a144eefc34468494f
51	6c105c22e9c8012d1b48f4e7	3a14180b5aba0c39e7c8e1cfd5c28373
52	8ce962bc7d8b75580444da17	5cd0594730a01f31b74c3d1002ec8fde
53	ebe8828769c4966c1ffe1a8a	e6c77d37c1e641196ce83adb77f4723c
54	253db7a6737d97238943afb7	94c8ecfe0ede7d30976edd0d53963132
55	a77e75c4a72488077b75b60f	1f05d27946981f5b343f22be4881af24
56	c2ce497dba353f6a670b1932	40b0b1bbfd14fd245a72ffd905af4083
57	908fd0116384ffd5112244a8	0d32dc6154d49856178acac47bfc7f3e
58	5dac9de8d36cb295ce6ed021	205e721a5445925d0c901c36ac329f9a
59	c74aac0fe36dc86ef98cbc1f	ac936c8438f560ef48f6a974b8368a44
60	62c6c694980731b78614f8d5	546feb0f1c394e15302ea47266e10941
61	11c7ed08c815c6353a18c945	28d0460bf057f8f42536be0fafb87058
62	cfedc1d7b126f9e9309ffbbc	0816d1188a816e961ba66e33ac10edb2
63	6a3144324410c49602b3c66e	3ad8da99f8188462da5dd57433a04c93
64	7a1635ab03be29d3f4d0ba4d	0b2e091681669a1c2ce69f083e570f6c
65	09afd648da1e1ad69c99cd96	43ee19569a317efcc201dca6a3df3097
66	0681884f347e0467decacc6e	032009355788d0d98cd0fc90ff9c00b9
67	e604dd98e1ec79d5d01780a7	ed39a81c6d5ee4c4e8ec4af553d53df0
68	a742bf1b738ff6415e203ac5	172d8b123735433e6485e9a3e485dfb0
69	bcd1ac6b0f4157d11b61dd27	a37b3fd9bd43d7fcf86e4790bcc9dbf9
70	e2c9ab9bd9dba30445930256	7153e9f6d8b98470c6f548a708b15a3d
71	aa9cd84b537bd63eec187241	860207dcabe86b015ed5ae881915ef15
72	57ba39e377b1cab5848ef0ef	fdb719d2a8ebc4dfeacca318fd6d7e19
73	621db1040861b6893293f430	7bccfe6a7bff5214f8b731a5335d2888
74	9beb9b74ea4e916959b8cb0a	8fd466a3e419921e20197a6476c66730
75	222b9b03aad10d440b535fb6	8fcc9dd695dfadd43cc756a37785d8c5
76	84558f4455f651b5f2ae486c	a484221105c394c2f950578257ab94a2
77	96b424a1000ec2eddd64bcb1	67f3a19b0c74942f592ee7a72c69314d
78	3de1b32e1e37de7fdecbb2b2	d0abb32ed30c67aa85535446d1e082e0
79	0ca583d126ca75b0cfd160af	fb4a4c6b1eb7afb8e5e4930ffa69be9c
80	f2d318f6d780ac260f8880d4	0bcce0f8b49f35c6b9147f7ab847e488
81	01b67d2234cacf0a240d3c7f	633c533ee98e05b3fb75e5cc74908776
82	9f4b965d4538ad9e79558f82	32d8f578e5b1affc55e641882c66a0b1
83	1324e95300ff6d475842b0e3	63a0f894043a345742c74d532b7b6ce1
84	3bdb2f520f3d392b618ee9ef	10aba9b84dbaf1a919cf25642568091c
85	8e9008917cc58b468a6b55a3	c7716fd949a568f21611201fc3d294c3
86	314f35a3f675f877db88ce2a	822609ed8fc44408121b6499c147e882
87	06d0093441653f2fedd966cd	f7672f26f5ddfc2995d70d40f6956e64
88	29be0d0bb0478298d65f84db	f8052855755925a550441f3d61672ab5
89	05df9a4fc5cda9b16a8ebd39	c0ad11491a4ab05636c6737088269733
90	6d238ae8e2a7013169400047	2c6459e51ce9e45802890f8c757aef60
91	5583f73c6bffc5e8f73ad90c	a84ca417ac0be79594599b576d85eb64
92	a5843ec0fc779446b9fd9263	e161b599663ce7c3016e9414fd3686a9
93	49390ac9946b4ed41ff2ce6f	214d81d51513aeb1ce8a425fc800e234
94	4ebabe27894ab2202fa9586b	9f6547de05f837384addc7f27109a4a1
95	34cc6a1755c24dcac7740bb4	340f09632870bb475ab50f7e25ce4c65
96	d64ba337630aabcba62402c0	871174119ff74bbe713a6e208bdf80a8
97	d52db14608f584f29c942436	29f9a4dd82f3ceb2428e205a9c74737a
98	a4b7037b085f2d8b63dbfdeb	59c2b30c9854dce76a6eca02a36d684c
99	e5f2dfbe29d2c2feee220494	0748f595bfcd7dbadfb5582ad3832da9
100	64173a775e2997084c079866	eb3aaf77ea7eecdebb8aadb629a9adc7
101	66ec86c2f39c3e69f5ddcecd	d1e04382f66385f3aa35e18136c65874
102	66fdf3b8d5f8042985a332a8	2cd2c0c56607dc0d5abfb1cc9d9e3722
103	e811c2adbf80ddab6acf6542	3a6882d399af2d5357c6bf93b7bccaab
104	7578b7dd757e244d768e0abf	a2c0580875b4fd030af0866427b357de
105	3b660a1e9b1f176247f2d1ff	c72a1b4ad8e0e6eca9396882dc633e56
106	7c4887388f59b13654884449	9abdd5a838e6d6bc102c6f771cc50389
107	9d810b8e9e1a07016d99744c	71c90dcdcba15ea949cc6bad068625fd
108	43a4bd8265a9096661ba4d88	2feca5565f8159a1dbf305300dfa1232
109	adf2821bc92655f212f2ca6e	ff814bcecd2fabb7f5b4d915c048c25e
110	feb83c802afb57dd34c9d049	1dc0179de890b7b602b24dafefbf2607
111	69fa25f828e2b8a8020fdef4	dc5c2d6d065e0e854f36ea1a6e02057f
112	75e3c64c1a37a4fdb06019d5	f9c373a33dfc2a69dd70d345ac9249a3
113	5be9c17469e2c9b51c704688	dd472068a401917667c1b0bcee20959c
114	510111f8bccbbbb9537db2f9	210858da7c8d6aa9974060485675e53e
115	30fdccf6f662acd480d62e97	ae595187b06e86d35c941fbda2ffe33f
116	858cab62db45ad4463ad1e67	ab4750486f7241528eac97f4e43d124a
117	836e9ad33cb75d7ab34872f2	8ba812d8a96c5f0820398d20acdd5621
118	eb0082c75037821e5b0fab38	70534e9d1c3239889cb0981d74099a94
119	409b342db269c3a6aa48ed50	f393263c62695308d794d2292fed812e
120	e89b7460529d777d8dc1e4ed	e6d8f4fd60dbfa206884e7fdfe4dbd44
121	34dee6ac3b10a4bfc7e511f9	4297dcb6ec7da5bc2f01e1f8023eac06
122	0ab0a3895864c37f1126bf50	6294ead71ba58ad6341b78e47d980475
123	b659d36e8fc7701871fc10c6	fc37b4d960f90ab97c58d7a793cc0975
124	a73a1f57d01adcf659613e09	772f6c14edab83dc4c8cf9e917706b23
125	8e12d49b1601c2cf771cf7e9	6be70b476cbe87a383e1cf3a6fc4173c
126	c1988d3554e80511352bd9fd	1c343afda773c06f3d8597fd3848e126
127	4ecbd988e041e4a4b80d7a1c	da91a90df90c2874efe7d60188a5d506
128	b5fea413c8d8170f48f17542	649bd9ddf407797ad9bedd13567ac2c1
129	d417f82585b77f520cf0eb7a	8b64cb84776837ca51e50cb681a6eba2
130	4031efbf769267d472d2f850	9d2f64a756400a1fb8b8cb9af01b309c
131	e59dcaded82b4632b0150abe	06ae4c985f3e88a84851dfa9332bb49f
132	f09fc59245769dc87c3753f3	50f33e08cbdb92fff2b7f1937dfacbfb
133	09ce21d2a09e72ca27f2c9c9	24e655f44a41bcd08909148776e6f8df
134	7054f64cb896935842ffa791	d48c5e575944ba593649cea421572a59
135	1ca37191533dc003fa491d4c	bbe9d5b3624de21aca1dd65d395ec659
136	4f2dc9bc258caf0e050b8ee6	76eff9f82e6eeebe7b21429e31b67577
137	764656b96be14e86d380c8d8	3b87f71f37775ff99a0eeb8d35b5f3ae
138	602344e222f3d87961726052	0ed297d123ec45171b43d55d80a876b0
139	d350391deb5563fc48ef8469	a91237d5fca6e2a22ce002b09e2a8873
140	2d67ea55942fc18a8080d242	4724c328683137ecc4b629133d3187d8
141	eab68ad6ed039a716f12165a	18f84c6bcd158cfd1233802618bdd0c8
142	68e305850ccbb54264227963	df39b754200ea936138b8d8ce6e304e2
143	ee116a03ddb123944c6e258a	9afe3d4a85d1f9fae73c2f42100bad30
144	ba41fd92f1608930e0f2942e	93fc9a985e705bf5be868a4740a599fe
145	1509a2c852792326c49e7257	aa50aa85432bb831db4e17798061a0aa
146	2643f9503db7301ec5b56014	6cdcdf2eb34f5527d537092c39449d4a
147	44324d06337529463fa0bcf6	502b8192736c338120b2aab86b8bc0da
148	a085ed256a790d90fe9fd547	26beac6446eafe6c1281df6cd5617f3e
149	bca6a196781aaf1f298efb49	9bf2f48a78c9f111e5fa523aeb308e39
150	45e687166fc0392f32322999	700bba80af20e9de927b60aad97c5a3a
151	d3796dc192513998dcbf01e8	1a3da176eb01715bdb533a2ba533ab9a
152	7937291dd9686f4d21fc968c	6078d4b24894943e777407abb38fbf58
153	87a7cfd732d84b47b87b11b5	adecd4bee1030e79a9f031b297f5a97e
154	d7ee6a514308de19282d5b67	2ff3306d468551c9f044eed9c8b5a28e
155	63a586ae29ebf6f259ebfb36	ba4bf96eafb0c11d76bef86201750845
156	033632c7fe41b16c08a6b89b	26b11d478e90dc4a44c0cdd852ef6f2f
157	a64d54759377f690b601f09d	aa15b38e2c6e0784f123387244c03eeb
158	e8cb53620501f25b4cfa5a8c	5449021cba1040e4f7a5ded1d31a47f9
159	53a06f06d88d139eeb4d0d18	c5628940534fcd5a9134d316669bc0e9
160	ed709508a2990017de9719f4	0409519820a16810b2259cfa4070a8eb
161	5d66c22fb77b9c270b74c36b	118c155daa1908cd90d538eec48deb66
162	0778a76b089d957276c4aad4	0f245d49d934c427f301b7ce2aea264f
163	337e61758d4f750e56bc6109	05facb0c65d11fa35dd950f00a56c49a
164	7f813aa3b6a33bdc33187d4f	e9e0bc0ac7f1c131601152faa63fed88
165	830fadfefbaec7b86cbd1aab	5fa9b0037ec0b43f99626109630c5080
166	9e50fe977ce1ba04eaf1fb78	dce93cbcfabd041c5c44e2d86b924403
167	0c6cd84f27ffc726614f9b76	06b7fc94324393a324a773313f3d43f1
168	ca1b087a4313c2d20469bef0	9277bf9b6f8de2491f19d24d025a0393
169	9610a78455389df45d942774	7b9351a05af99864ca3b03636875f97f
170	7de2986b133c29e9d8a66823	9d2d3abe3036a88163336f00a96288ca
171	f05eab42e6b436e4a55b0a9a	23f5d7b7832fbd371c2375221c7db2c6
172	c695ecdb97ad472145ff70c6	b43f871c7a6bb94745cae74460f01fc7
173	b82b65ffbd4cb9a410ba60f0	59780a1a269c02577e388b1d79c3120e
174	42327d17ea25f30649041217	ffa701c5b5b84297217f1014ed8cbfe6
175	ddd4fdd73a1386637f1061b9	29c4330a85a40d59caf9342f3db51a0a
176	03b17e7632db08e4138bb616	85374ee39d7767ba227899c1663a125f
177	62b0dd101364a38a0872d017	f2adf6f46753b70d79b62f8273fd1c42
178	4d1c4ad7e23f5bb231aae93a	8c927b45a83b404737143dd40b153889
179	5e9ea9736f0d39487782c9da	aa3f2f995663db718c8651bba53ac39c
180	317d76771a5cbf5882064d36	1afa1fc7f80a04184413ec5a4ff17d2b
181	112e75b60247b7fdd9b0766a	765a323576a0cfc6a5672f892d83e7cc
182	1333ec92b91d0de535b14511	98ab266abda886285192c37463557c7e
183	a99b57e7e23dae6fb7551166	6bb0b80e3b088f3361ec2ba356f006fa
184	aecc0c2bd100e95f4c522aaf	c53ccba427991ed51cb3ea8640c80ac3
185	69a59c06f3a091725ab44cf5	2b864ea142ba558f81b0b7b0cf9487bc
186	bb6c9b53e1cfdce31efaa3b9	340b19253c692a97d61dc0dfefa50460
187	68331927e6258398e3afb43f	441c48119c9decbe17c30329feffd568
188	a099107cefc33022e725f589	5de12f789db803369ed925a52d971268
189	6a84d7f9b8eb5cefa5bb8b44	72e31544963cd0f70d8237101e1fc28c
190	8bb032c54f505a5ca3d0fe2c	ac05aa23dcb525adfb0a833544729729
191	efbe5e439ec40374ddfc6f77	346f632622bc6317daa2b53166213629
192	08c95a656909bec0f8ff859c	c0b6a44298fd4741726955a782108e36
193	e0814adc14ed817911bbff8a	590f749333cf3e6e517baa03509b3669
194	ddbc47b9323cf35ec9d57af6	77c4440276ba2943d2b66314c4255805
195	7fb2a9cb8d29b4aae3e02d94	f786684a563b9faa99c1ebeffa7b1808
196	519114ba9a0d652c75edcd2b	aa12b8dad9033d8e22f3ce67ca18e808
197	5dc8b8b037f88645d62597a6	559b50fe7fefa59bdf39efb8e51cfe2d
198	97aab2c1f72007207a53d608	791274e9f5269dd939dddab22e3be99f
199	e80b97676d0f3b8107d36455	c6873fe6e745820fe2203439bc7faed4
200	7f27dbcf1ceb70649c6aaf3a	bff0cb82bd79c1a33792817352c277d5
1	6b2ff5423013ae35ba9111da	d233f15c9ac6b05bda3917a4fb934721
2	f2b4eaf1d34122a923ef0f0c	ef468469ed16cb618e605e22a322f10b
3	c33972f61332e5ee7f0d91b4	4b1857e553a8094d8b8aa6e545d5c50e
4	b8a6f0dd6247a1ca49cc98b0	335b70135f053c7f27236f0819831b9a
5	21a24319682de0bdc903f049	c52eb3222e2abd8d177420296051f2a1
6	3efaa0372a6c8df0c19af6a0	7c2105b1d6ffe85257a5e6ed9032e894
7	0a3c7fc1e42ce52dd744a17e	8ff884e1b6fbd8d40a914c97989b1b72
8	95f406b581f5e28f1383bcbb	ce859fb9495fd5facece46c8aff174a0
9	4aff1dd148731b3dc4c2ed51	16669dd99e25e7671b3ec0222b36609a
10	c81adbfd4baa0a43740d6e69	fe534a24ea41532096362f0d91e2c957
11	12067a6c6fc8ef7c8abcd3b4	e2b3f0ea485473549fdefd1f447092ea
12	4ce20a99c3b6b72207a2f78a	a05d4a65501f77c33fbc9895d40d784b
13	891a726d8cd41addaef938dd	28feb7b5c80a8ebd7e3228c32d573aac
14	725445f91ec55555cfd9aa4d	6758e65ea6d8b17a2bae8b7bd429e09d
