seed	verdict	end_min	js_errors	failed_ai	harness	pop_limit	will	wonderord	poptech	fortress	assembly	carnyx	focus	razed	level	warbuy	corral	tier3	stable	cavbatch	cavtech	hero	champ	cav
1	win	42.1	0	0	1	300	0	0	0	1	1	3	0	5	0	6	0	2	2	12	3	2	33	46
2	win	34.7	0	0	1	300	0	0	0	1	1	3	0	1	0	7	0	2	1	10	1	1	13	46
3	win	27.1	0	0	1	300	0	0	0	1	2	0	0	0	0	0	0	0	2	5	2	0	0	20
4	win	25.4	0	0	1	300	0	0	0	0	1	0	0	0	0	0	0	0	1	5	1	1	5	21
5	win	34.7	0	0	1	300	0	0	0	2	1	2	0	0	0	6	0	2	1	8	2	1	2	36
6	win	27.2	0	0	1	300	0	0	0	1	1	2	0	3	0	6	0	0	1	2	0	1	12	1
7	win	34.7	0	0	1	300	0	0	0	1	1	2	0	1	0	7	0	2	1	6	1	1	7	21
8	win	31.0	0	0	1	300	0	0	0	1	2	2	0	0	0	6	0	0	2	8	1	1	5	21
9	win	35.3	0	0	1	300	0	0	0	1	1	2	0	0	0	0	0	0	1	5	0	2	1	16
10	win	28.0	0	0	1	300	0	0	0	1	1	3	0	2	1	9	0	2	1	3	0	1	3	6
11	timeout	45.0	0	0	1	300	0	0	0	1	1	4	0	1	0	7	0	2	1	18	2	2	4	81
12	win	28.0	0	0	1	300	0	0	0	1	1	2	0	5	0	6	0	2	1	7	1	1	2	26
13	win	39.7	0	0	1	300	0	0	0	1	1	4	0	0	0	12	0	4	1	8	2	1	19	36
14	win	23.9	0	0	1	300	0	0	0	1	2	0	0	1	0	4	0	0	1	5	0	1	0	16
15	win	27.2	0	0	1	300	0	0	0	0	1	2	0	4	0	6	0	1	2	4	2	1	2	11
16	win	27.2	0	0	1	300	0	0	0	1	1	2	0	0	0	9	0	1	1	5	0	1	12	16
17	win	32.2	0	0	1	300	0	0	0	1	1	3	0	4	0	10	0	2	1	4	0	1	12	11
18	win	28.4	0	0	1	300	0	0	0	1	1	1	0	0	0	0	0	0	1	2	0	1	1	1
19	win	25.7	0	0	1	300	0	0	0	1	1	1	0	0	2	6	0	0	1	7	0	1	1	26
20	win	29.0	0	0	1	300	0	0	0	1	1	0	0	0	0	2	0	0	1	8	2	2	0	31
21	win	28.0	0	0	1	300	0	0	0	1	1	0	0	0	0	0	0	0	1	2	1	0	0	5
22	win	26.3	0	0	1	300	0	0	0	1	1	2	0	1	0	5	0	0	1	7	1	1	2	26
23	win	34.0	0	0	1	300	0	0	0	1	2	2	0	2	1	8	0	2	1	8	2	1	2	41
24	win	23.0	0	0	1	300	0	0	0	1	1	0	0	3	0	0	0	0	1	3	0	0	0	15
25	win	23.4	0	0	1	300	0	0	0	1	1	2	0	3	0	6	0	0	1	5	1	1	2	16
26	win	23.1	0	0	1	300	0	0	0	1	1	0	0	0	0	5	0	0	1	4	1	0	0	10
27	win	26.0	0	0	1	300	0	0	0	0	1	0	0	2	0	3	0	0	1	6	2	0	0	20
28	win	33.0	0	0	1	300	0	0	0	1	1	2	0	3	0	1	0	0	1	7	0	1	26	26
29	win	24.3	0	0	1	300	0	0	0	0	2	2	0	3	0	4	0	0	1	4	0	1	7	11
30	win	35.5	0	0	1	300	0	0	0	1	1	2	0	2	3	6	0	1	2	8	2	1	17	36
31	win	23.0	0	0	1	300	0	0	0	1	1	0	0	0	0	0	0	0	1	3	2	0	0	5
32	win	28.7	0	0	1	300	0	0	0	1	2	1	0	0	0	7	0	0	1	8	1	1	1	31
33	win	25.8	0	0	1	300	0	0	0	1	1	2	0	0	0	3	0	0	1	6	1	1	2	21
34	win	31.8	0	0	1	300	0	0	0	1	1	2	0	0	0	4	0	1	1	7	2	1	2	31
35	win	34.0	0	0	1	300	0	0	0	2	1	0	0	1	4	5	0	2	1	12	2	2	0	56
36	win	28.9	0	0	1	300	0	0	0	1	1	2	0	2	0	9	0	2	1	6	1	1	2	31
37	win	28.0	0	0	1	300	0	0	0	1	1	0	0	0	0	0	0	0	1	7	2	0	0	25
38	win	28.0	0	0	1	300	0	0	0	1	1	1	0	2	0	7	0	0	1	5	0	1	25	16
39	win	38.0	0	0	1	300	0	0	0	1	1	2	0	3	1	8	0	2	1	11	2	2	12	51
40	win	27.4	0	0	1	300	0	0	0	1	1	2	0	3	0	6	0	1	1	5	1	1	2	16
41	win	41.4	0	0	1	300	0	0	0	1	1	4	0	8	0	12	0	4	1	12	1	2	9	56
42	win	28.0	0	0	1	300	0	0	0	1	1	3	0	4	0	2	0	0	1	8	1	2	8	31
43	win	22.1	0	0	1	300	0	0	0	1	1	2	0	5	0	3	0	0	1	5	1	1	2	16
44	win	28.8	0	0	1	300	0	0	0	1	1	3	0	5	0	7	0	1	1	6	1	1	12	21
45	win	34.5	0	0	1	300	0	0	0	1	2	1	0	0	0	3	0	2	1	4	1	1	0	16
46	win	26.8	0	0	1	300	0	0	0	1	1	2	0	4	0	11	0	2	1	6	0	1	27	21
47	timeout	45.0	0	0	1	300	0	0	0	1	1	2	0	3	3	14	0	3	1	7	0	1	27	26
48	win	21.5	0	0	1	300	0	0	0	0	1	2	0	2	0	4	0	0	1	3	0	1	7	6
49	win	35.9	0	0	1	300	0	0	0	1	2	4	0	2	0	8	0	3	1	12	2	1	4	51
50	win	27.3	0	0	1	300	0	0	0	1	1	0	0	0	0	4	0	0	1	5	1	0	0	15
51	win	43.7	0	0	1	300	0	0	0	0	1	6	0	0	0	0	0	0	2	14	3	2	56	61
52	timeout	45.0	0	0	1	300	0	0	0	0	1	2	0	0	0	1	0	1	1	11	2	1	2	46
53	win	24.2	0	0	1	300	0	0	0	1	1	0	0	1	0	0	0	0	1	7	0	0	0	25
54	win	29.9	0	0	1	300	0	0	0	1	1	3	0	1	0	5	0	3	1	8	0	1	3	36
55	win	32.4	0	0	1	300	0	0	0	0	1	2	0	1	2	4	0	0	1	5	2	1	1	16
56	win	27.4	0	0	1	300	0	0	0	1	1	1	0	3	0	0	0	0	1	5	0	1	0	21
57	win	26.9	0	0	1	300	0	0	0	1	1	2	0	1	0	5	0	0	1	5	1	1	0	16
58	win	25.4	0	0	1	300	0	0	0	1	1	2	0	0	0	4	0	1	1	7	0	1	2	26
59	win	23.2	0	0	1	300	0	0	0	1	1	1	0	0	0	6	0	0	1	4	2	1	1	11
60	win	30.4	0	0	1	300	0	0	0	1	1	2	0	0	1	5	0	0	1	7	1	1	1	26
61	loss	30.4	0	0	1	296	0	0	0	0	0	0	0	0	0	0	0	0	0	0	0	0	0	0
62	win	28.0	0	0	1	300	0	0	0	1	1	2	0	0	0	0	0	0	1	6	1	1	2	31
63	win	33.0	0	0	1	300	0	0	0	1	1	2	0	3	0	9	0	2	1	8	0	1	2	31
64	win	29.8	0	0	1	300	0	0	0	1	1	2	0	1	0	8	0	0	2	10	2	2	2	36
65	win	38.1	0	0	1	300	0	0	0	1	1	4	0	4	3	7	0	1	1	10	2	1	4	51
66	win	38.9	0	0	1	300	0	0	0	1	1	2	0	1	2	5	0	2	1	14	2	2	7	66
67	win	25.7	0	0	1	300	0	0	0	0	1	0	0	0	0	0	0	0	1	7	2	1	0	26
68	win	28.0	0	0	1	300	0	0	0	1	1	2	0	1	0	6	0	1	1	3	1	1	1	6
69	loss	36.4	0	0	1	300	0	0	0	0	2	0	0	0	0	0	0	0	2	0	0	0	0	0
70	win	38.3	0	0	1	300	0	0	0	1	1	2	0	0	0	0	0	0	1	12	2	1	2	51
71	win	28.0	0	0	1	300	0	0	0	1	1	2	0	0	0	3	0	0	1	4	1	1	2	11
72	win	28.2	0	0	1	300	0	0	0	1	1	2	0	2	1	7	0	2	1	7	0	1	2	26
73	win	25.7	0	0	1	300	0	0	0	1	1	2	0	0	0	6	0	1	1	6	0	1	2	21
74	win	30.2	0	0	1	300	0	0	0	1	1	2	0	4	0	5	0	1	1	7	2	1	2	26
75	win	24.6	0	0	1	300	0	0	0	1	1	2	0	5	0	4	0	1	1	5	0	1	7	16
76	win	35.8	0	0	1	300	0	0	0	1	1	2	0	3	2	5	0	2	1	11	2	2	12	46
77	win	31.3	0	0	1	300	0	0	0	1	1	2	0	0	2	5	0	1	1	8	2	2	2	31
78	win	23.1	0	0	1	300	0	0	0	0	1	1	0	3	0	2	0	0	1	3	0	1	0	6
79	win	30.4	0	0	1	300	0	0	0	0	1	2	0	1	0	0	0	0	1	7	2	2	17	31
80	win	29.8	0	0	1	300	0	0	0	1	1	2	0	2	0	3	0	0	1	3	0	1	2	6
81	win	26.1	0	0	1	300	0	0	0	1	1	0	0	0	0	2	0	0	1	7	1	0	0	25
82	win	28.0	0	0	1	300	0	0	0	0	1	2	0	3	0	6	0	3	1	7	2	1	17	26
83	win	25.0	0	0	1	300	0	0	0	1	1	2	0	0	0	5	0	0	1	3	2	1	1	6
84	win	23.3	0	0	1	300	0	0	0	0	1	0	0	0	0	0	0	0	1	4	0	0	5	10
85	win	29.7	0	0	1	300	0	0	0	1	1	4	0	1	0	8	0	2	1	10	0	2	4	41
86	win	30.3	0	0	1	300	0	0	0	1	1	2	0	1	1	7	0	0	1	8	2	2	2	31
87	win	28.8	0	0	1	300	0	0	0	1	1	2	0	0	0	4	0	0	1	6	2	1	2	21
88	win	33.7	0	0	1	300	0	0	0	1	1	2	0	0	0	6	0	1	1	8	1	1	2	31
89	win	36.4	0	0	1	300	0	0	0	0	1	2	0	0	0	5	0	2	1	7	0	2	12	26
90	win	30.1	0	0	1	300	0	0	0	1	1	0	0	2	0	7	0	1	1	7	0	0	0	25
91	win	29.0	0	0	1	300	0	0	0	1	1	0	0	3	0	7	0	0	1	3	0	1	25	6
92	win	24.1	0	0	1	300	0	0	0	1	1	0	0	1	0	3	0	0	1	7	0	0	0	25
93	win	29.6	0	0	1	300	0	0	0	1	1	2	0	2	0	7	0	0	1	4	0	1	22	11
94	win	24.5	0	0	1	300	0	0	0	1	1	0	0	1	0	7	0	0	1	8	1	0	0	30
95	win	33.0	0	0	1	300	0	0	0	1	1	2	0	0	1	5	0	0	1	11	2	1	2	46
96	win	30.5	0	0	1	300	0	0	0	0	1	2	0	0	0	1	0	0	1	7	2	1	12	26
97	win	26.2	0	0	1	300	0	0	0	1	1	2	0	0	0	5	0	0	1	7	0	1	1	31
98	win	23.1	0	0	1	300	0	0	0	0	1	0	0	0	0	0	0	0	1	5	1	1	0	16
99	win	31.7	0	0	1	300	0	0	0	1	1	2	0	1	1	7	0	0	1	6	1	1	7	21
100	win	23.9	0	0	1	300	0	0	0	1	2	1	0	3	0	3	0	0	1	5	0	1	5	16
101	win	26.9	0	0	1	300	0	0	0	1	1	1	0	0	0	2	0	0	1	9	1	2	1	36
102	win	39.4	0	0	1	300	0	0	0	1	2	2	0	0	0	3	0	0	1	8	2	1	22	31
103	timeout	45.0	0	0	1	230	0	0	0	0	1	0	0	0	0	0	0	0	1	10	2	0	0	50
104	win	26.0	0	0	1	300	0	0	0	1	1	2	0	1	0	12	0	2	1	6	2	1	17	21
105	win	38.8	0	0	1	300	0	0	0	1	1	2	0	2	0	7	0	1	1	12	2	2	2	51
106	win	31.3	0	0	1	300	0	0	0	1	2	2	0	1	1	9	0	0	1	8	2	2	7	36
107	win	25.9	0	0	1	300	0	0	0	1	1	1	0	0	0	7	0	1	1	3	0	1	1	6
108	win	31.6	0	0	1	300	0	0	0	1	2	2	0	3	0	8	0	3	1	7	2	1	2	26
109	win	33.5	0	0	1	300	0	0	0	1	1	2	0	5	0	14	0	4	1	9	1	1	7	46
110	win	44.4	0	0	1	300	0	0	0	2	3	3	0	4	4	7	0	1	1	14	2	2	2	66
111	win	36.7	0	0	1	300	0	0	0	1	1	0	0	0	0	0	0	0	2	8	1	1	0	26
112	win	24.6	0	0	1	300	0	0	0	0	1	2	0	1	1	7	0	0	1	6	0	1	7	21
113	loss	33.0	0	0	1	20	0	0	0	0	0	0	0	0	0	0	0	0	0	0	0	0	0	0
114	win	24.0	0	0	1	300	0	0	0	1	1	3	0	0	0	5	0	2	1	6	0	2	3	21
115	win	33.4	0	0	1	300	0	0	0	1	1	2	0	1	1	4	0	0	1	5	1	1	5	16
116	win	30.7	0	0	1	300	0	0	0	1	1	4	0	11	0	10	0	4	1	8	0	2	4	31
117	win	31.5	0	0	1	300	0	0	0	1	1	2	0	5	0	9	0	2	1	7	2	1	12	26
118	win	25.8	0	0	1	300	0	0	0	1	1	0	0	0	0	0	0	0	1	7	1	1	0	26
119	win	28.0	0	0	1	300	0	0	0	1	1	2	0	3	2	5	0	0	1	6	1	1	2	26
120	win	30.6	0	0	1	300	0	0	0	1	1	2	0	1	1	5	0	1	1	6	2	1	2	21
121	win	38.3	0	0	1	300	0	0	0	1	1	3	0	1	0	7	0	1	1	12	2	2	3	51
122	win	29.5	0	0	1	300	0	0	0	1	1	3	0	6	0	11	0	4	1	7	1	1	8	26
123	win	30.4	0	0	1	300	0	0	0	0	1	2	0	4	2	6	0	0	1	6	2	1	2	21
124	win	25.6	0	0	1	300	0	0	0	1	1	0	0	0	0	0	0	0	1	3	2	0	0	5
125	win	32.2	0	0	1	300	0	0	0	1	2	2	0	1	0	7	0	2	1	5	2	1	2	21
126	win	28.1	0	0	1	300	0	0	0	1	1	2	0	0	0	5	0	1	1	9	0	1	12	36
127	timeout	45.0	0	0	1	135	0	0	0	0	0	0	0	0	0	0	0	0	0	0	0	0	0	0
128	win	29.5	0	0	1	300	0	0	0	1	2	0	0	4	0	7	0	1	1	10	2	1	0	41
129	win	36.3	0	0	1	300	0	0	0	1	1	4	0	0	3	9	0	2	1	12	2	2	4	51
130	win	31.9	0	0	1	300	0	0	0	1	1	2	0	3	1	6	0	2	1	9	2	2	2	36
131	win	25.9	0	0	1	300	0	0	0	1	1	2	0	0	0	7	0	2	1	8	1	2	2	31
132	win	26.5	0	0	1	300	0	0	0	1	1	2	0	3	2	8	0	1	1	5	0	1	7	16
133	win	24.8	0	0	1	300	0	0	0	0	1	2	0	0	0	2	0	0	1	3	1	1	1	6
134	win	33.0	0	0	1	300	0	0	0	1	1	2	0	3	0	6	0	2	1	7	2	1	17	26
135	win	28.1	0	0	1	300	0	0	0	1	1	0	0	1	0	6	0	2	1	6	1	1	5	21
136	win	23.7	0	0	1	300	0	0	0	1	1	0	0	0	0	0	0	0	1	5	0	1	0	16
137	win	28.0	0	0	1	300	0	0	0	1	1	2	0	0	0	6	0	1	1	4	0	1	0	11
138	win	26.0	0	0	1	300	0	0	0	1	1	2	0	1	0	4	0	1	2	5	1	1	1	16
139	timeout	45.0	0	0	1	300	0	0	0	1	1	8	0	4	2	7	0	3	1	18	2	3	33	86
140	win	28.0	0	0	1	300	0	0	0	1	1	2	0	1	0	7	0	0	1	8	1	1	2	31
141	win	38.3	0	0	1	300	0	0	0	1	1	3	0	2	0	7	0	1	1	9	1	2	8	36
142	win	31.1	0	0	1	300	0	0	0	1	1	0	0	0	0	0	0	0	1	6	1	1	0	26
143	win	28.8	0	0	1	300	0	0	0	1	1	2	0	0	2	5	0	0	1	7	0	1	2	26
144	win	35.4	0	0	1	300	0	0	0	1	2	2	0	2	0	6	0	2	2	13	1	2	7	56
145	win	31.4	0	0	1	300	0	0	0	1	1	2	0	5	0	6	0	2	1	7	1	1	2	26
146	win	25.5	0	0	1	300	0	0	0	1	1	2	0	4	0	8	0	3	1	6	0	1	2	26
147	win	24.8	0	0	1	300	0	0	0	1	1	2	0	3	2	5	0	0	1	5	1	1	7	21
148	win	30.6	0	0	1	300	0	0	0	1	1	0	0	0	1	4	0	0	1	8	1	0	0	30
149	win	30.7	0	0	1	300	0	0	0	1	1	3	0	0	3	5	0	3	1	11	2	1	3	46
150	win	25.2	0	0	1	300	0	0	0	0	1	1	0	0	0	6	0	0	1	5	0	1	0	16
151	win	32.3	0	0	1	300	0	0	0	1	1	2	0	1	0	9	0	2	1	8	0	1	7	31
152	win	41.2	0	0	1	300	0	0	0	1	2	3	0	4	2	8	0	1	2	12	1	2	3	41
153	timeout	45.0	0	0	1	223	0	0	0	0	1	0	0	0	0	0	0	0	2	9	3	2	0	31
154	win	31.0	0	0	1	300	0	0	0	0	1	2	0	4	2	6	0	2	2	9	2	1	7	26
155	win	28.0	0	0	1	300	0	0	0	1	1	0	0	0	0	0	0	0	1	6	2	0	5	20
156	win	29.1	0	0	1	300	0	0	0	1	1	2	0	0	0	9	0	1	1	7	2	1	7	31
157	win	22.4	0	0	1	300	0	0	0	0	1	3	0	2	0	7	0	2	1	4	0	1	3	11
158	win	26.6	0	0	1	300	0	0	0	1	1	2	0	2	0	7	0	2	1	7	2	1	7	26
159	win	31.5	0	0	1	300	0	0	0	1	1	2	0	0	0	9	0	3	1	7	2	1	2	31
160	win	33.1	0	0	1	300	0	0	0	1	1	4	0	11	0	13	0	2	1	13	1	2	4	61
161	win	38.5	0	0	1	300	0	0	0	1	2	2	0	1	0	5	0	1	2	11	2	1	2	41
162	win	37.2	0	0	1	300	0	0	0	1	1	6	0	3	0	13	0	4	1	10	2	3	11	51
163	win	28.0	0	0	1	300	0	0	0	1	1	2	0	1	0	0	0	0	1	5	0	1	2	16
164	win	25.0	0	0	1	300	0	0	0	1	1	3	0	2	0	4	0	1	1	7	2	2	8	26
165	win	22.3	0	0	1	300	0	0	0	1	1	2	0	1	0	5	0	1	1	6	1	1	1	21
166	win	23.0	0	0	1	300	0	0	0	1	1	2	0	1	1	5	0	0	1	5	1	1	2	16
167	win	34.8	0	0	1	300	0	0	0	1	1	2	0	2	0	8	0	2	1	10	2	1	7	41
168	win	28.0	0	0	1	300	0	0	0	1	1	2	0	1	0	5	0	0	1	7	2	2	17	26
169	win	30.6	0	0	1	300	0	0	0	1	1	2	0	0	0	6	0	0	1	4	1	1	0	11
170	timeout	45.0	0	0	1	300	0	0	0	1	1	2	0	2	2	9	0	2	1	12	2	3	7	51
171	win	26.8	0	0	1	300	0	0	0	1	1	2	0	4	0	6	0	2	1	9	0	1	2	36
172	win	28.8	0	0	1	300	0	0	0	1	1	2	0	6	0	11	0	1	1	3	0	1	17	6
173	win	34.9	0	0	1	300	0	0	0	1	1	4	0	5	1	13	0	4	2	5	0	2	4	16
174	win	20.8	0	0	1	300	0	0	0	0	1	0	0	0	0	3	0	0	1	3	0	1	0	6
175	win	25.8	0	0	1	300	0	0	0	1	1	2	0	0	0	9	0	1	1	7	2	1	1	26
176	timeout	45.0	0	0	1	300	0	0	0	0	0	0	0	0	0	4	0	2	0	0	0	0	5	0
177	win	24.7	0	0	1	300	0	0	0	1	1	0	0	3	0	0	0	0	1	0	0	0	0	0
178	win	26.4	0	0	1	300	0	0	0	0	2	1	0	3	0	3	0	0	1	7	1	1	1	31
179	win	32.1	0	0	1	300	0	0	0	1	1	2	0	0	0	0	0	1	1	8	2	1	2	36
180	win	25.5	0	0	1	300	0	0	0	1	1	1	0	1	0	5	0	0	1	5	0	1	0	16
181	win	26.7	0	0	1	300	0	0	0	1	1	3	0	1	0	2	0	1	1	7	0	1	2	26
182	win	35.2	0	0	1	300	0	0	0	1	1	2	0	1	0	6	0	1	1	9	2	1	7	36
183	win	25.4	0	0	1	300	0	0	0	1	1	2	0	0	0	5	0	2	1	4	1	1	2	11
184	win	26.6	0	0	1	300	0	0	0	1	1	4	0	4	0	10	0	2	1	8	1	2	4	31
185	win	26.1	0	0	1	300	0	0	0	1	1	2	0	1	0	9	0	1	1	6	1	1	2	21
186	win	25.2	0	0	1	300	0	0	0	1	1	2	0	1	0	5	0	0	1	6	2	1	2	26
187	win	28.0	0	0	1	300	0	0	0	1	2	0	0	0	0	7	0	2	1	8	2	0	0	30
188	win	25.7	0	0	1	300	0	0	0	1	1	2	0	0	0	6	0	0	1	4	1	1	20	11
189	win	27.4	0	0	1	300	0	0	0	1	1	0	0	0	0	9	0	4	1	6	2	0	15	25
190	win	34.6	0	0	1	300	0	0	0	1	1	2	0	3	3	5	0	0	1	8	1	1	2	31
191	win	29.3	0	0	1	300	0	0	0	1	1	0	0	3	0	2	0	0	1	5	1	0	0	15
192	timeout	45.0	0	0	1	300	0	0	0	0	2	0	0	0	0	0	0	2	1	18	2	1	0	91
193	win	28.0	0	0	1	300	0	0	0	1	1	2	0	4	0	9	0	1	1	3	1	1	17	6
194	win	33.0	0	0	1	300	0	0	0	1	1	2	0	2	0	6	0	2	1	8	2	1	2	31
195	win	25.2	0	0	1	300	0	0	0	0	1	0	0	0	0	0	0	0	1	5	1	0	0	20
196	win	27.4	0	0	1	300	0	0	0	1	1	4	0	3	0	9	0	3	1	7	2	1	9	31
197	win	27.3	0	0	1	300	0	0	0	1	1	2	0	4	0	8	0	1	1	7	2	1	2	26
198	win	23.7	0	0	1	300	0	0	0	1	1	2	0	0	0	5	0	0	1	3	1	1	7	6
199	win	30.3	0	0	1	300	0	0	0	1	1	2	0	1	0	5	0	1	1	7	1	2	6	26
200	win	27.1	0	0	1	300	0	0	0	1	1	2	0	1	0	6	0	1	1	7	0	1	2	31
