1	b3410a40b61ba00e333ddafa	045e014d4e0ed7b1dcc85db2b0909f62
2	5ba978f8106faad010cb66f0	467c8f0860d745d2c3220aa84143964b
3	7374573e2a3f05bfa57cc49e	6115f8dace2cfc4cc539b1e0423efbc1
4	fc6f94899d4788b577c3f4b4	5af415883aef1d53e2ba632182264611
5	376d18b63acd76bc77d2779d	0a10169e610dec28a3319b4709fb45e2
6	0de176903680c4668a1bc355	4aa77934ac614c19e9e7e434417e9455
7	5fdb8ec22dcc7a73e7852804	18bfb869492ea30cc5dfa288774bf225
8	7c2e4619e5678bbf3a89c31f	949db8498cdfd9a8044f83bca3654b0f
9	7def2f70b89a2406c5c30f85	4f4aa73a08aa082755dc6524484e814a
10	60d0b56914f8d1869e03314a	fb47b121deab1b483743b04a835a3098
11	8a98f45f5ce82d57a49b30ab	1df6a9fd389736c3543eb135fd16fede
12	2dece0ab86b2cf159272658e	a919c594f809bec065e4fdd16eba5571
13	8f840bf946ee9f864aff101e	cafe5aef89a4ba7f4708b8dbfc767ac4
14	b26bc7c6845cc174f1530f98	45790e625cf3fd914187d58994eb734c
15	f2f6cdb291c9a3a553e1d0ca	5b27a42f86d837d1ca6b431a3f6df852
16	24f5f7081562fd7b06a45e6e	355aa24b7e0eff12f0cf5e5b2f8d9b97
17	6008d274c7d4d500325a35b6	f92efcd4919d79998245899d3a70e638
18	c58eaae9529f01edc31f82fb	bff1b85ffad98a5ee4ad2d1d2a007218
19	d741772ec16e8b94053eb9e8	6a7d2fb2e821e8ccb8c4426dcae6c330
20	c560775ae92303a58d1c424c	0c5f691ffb853c395ba23ac6138ab564
21	f871b099f78a86b0736a412b	399eb6a89cd245eacaf7d70930bb6d31
22	b45600557f780a98b0ef660b	ce39bf1e791b7b3ffe3539e881fd0051
23	51461d67e75b3840b2fcf7b5	9a7ea3b627b0636affaedf1bea466e27
24	9f40480f7fd0878af52df8a6	2cc8c994d7554c9a776a2220154551c3
25	e8d58d2257dd071e4fef3a02	37ed583a113cb00b0161dad5023151bc
26	f2ed5902838195879279ae2a	07dd2ba440296f342bad3e676d3c06c2
27	63eb4c6b1e639ae2c817cb75	6f898918b56f10586e380bb8a6e3e746
28	48989549b1a4c98542c1de8b	e867e58467eecdf5f16793fcc5fdc517
29	a6c7f6de74583f9e184b0365	29aa0f5896231d9dd74c3a97c92b5747
30	7a7a1401807a66f69a3395f9	078887b3adadd250fad3eacc4d400b85
31	3ac3d352d12b29a27df2d870	86061eadc876984f223dcc3a47ae9a0f
32	b540034045d9c2801cae211e	57b9b839ddb51ab7961970db9e3ea0bf
33	dd74a592dbb709e97c87f5b5	219a900bacf2ad44d31d045a9ba5af9c
34	17d43908335855ea5b67b935	db31a15b41ea40e3446dd9648d41dd5e
35	7c7d6ab4aa336dcb36addca8	218d92f0cf96bcb94436ab0593d8ca50
36	301d50e69521e2b4a0932127	e5008a6f66dd7c2c4094317c84ae0b05
37	e67c5bd93518f49d1549fd2e	65cf0badbb1cb3caf9906d29a535cf81
38	8dccba14cb2d1f9cc28e501e	11243bdc09aa77af57aed5e5151ba84a
39	a6b571bc3ad66237ab2ab7fe	d6788ec3a938e11976f1c48141d5859b
40	6b78f300037551401118c60c	cea8f3c3e779505c64f51b5a6e38deda
41	c59f42c5e4d05fc829e74231	f55a30c37a539536632d325066d69821
42	dd8bb742f04c025ed986aa4d	ab417f54b462fd66e075b91488dabf05
43	a6cd32ef0a259b055157ea09	d325c48cd7a8edceea021e403dde9bb9
44	2ef1b3756679802531c58119	772a9067262b1035863f282226709c30
45	d7163acc12823f3dd6376489	da900cbb894f60058078dd679be06984
46	3c34af9ff548e2a2eb88fa4b	d06385e578dfdcd8cf1668821bda3e9b
47	ad3889715a8d184fc87968ba	27cc8e16d9c3c6d7be1122d295f05a69
48	0d73ce446c30bb082396dff9	d1972ba3514872f09cb1706fdd067a60
49	1baf8ef99fcf122f13866ef4	71bc015d73be32cd33e86c51d14e19f9
50	3036f98cf18cc75db0e1d15a	e5c46e16d45052c4d46605b36914cbc2
51	5ad1fc12df32ee2f34f97c48	0d9b0ea5e238e210f18fba3317fd5e96
52	d2fa0e65541fd2a64b6186ce	c206b68bd8a4830c7d3f0380fe1aa574
53	4c01c597fcd62caeee573289	fedd042302bda25d8a36acb8a5102929
54	ab9bac7ff0f0f4c94f12775f	1ae8f84d957ae95f57b8a85f18b13ae5
55	d452e7337509226da868607e	e4c0da9087c2bfe264012b4b4e4d104d
56	99676ddb9cd3c2d9648555e2	8bb9cc8a960da285ba77be3b6482bc9e
57	9c957e75c94404422b8a4553	99578a85eaf29f255a449a42c9aef6cc
58	169763c840e1119ee6040bdc	53759ee3224bd9d34493bd1375aacafc
59	9d7f058f73b0c01f0086278d	c18e86adce709a4a029edc60fa983ab7
60	e5a53ba9b3f9611653f3f75c	0bdcc741b789124b85cca42681d78e74
61	2a81689a1dbb2b9a45ba0f6f	215d4098581e5463003501c0be6196ce
62	fbbad68c0ea26d55944aab29	d72524888c493728b0e66ec6b6de02a1
63	a5e3effa3382885c987bdb55	f8155c743e35b2e9b3122a1f2fb69137
64	fe6bcfaa9595ae9995470923	93950c88d2bafe318b681081852a7e88
65	eda5c886a46c68adde7313b9	bca18ac3fead6d71f0e46afaddcdfea0
66	644381ecfbcdc504720670f9	e7956f4cf201c7b063b13532d940bcc8
67	afd41e9340e505bca6cd870e	0856ad7ceb262bbedca84c85b9c70c59
68	a1a0f3723b85dfda385e5650	3eab8e8cf84fd333093604d346f18a2e
69	30e9e90b8e511658e5e0a829	85f17e8600fd2f5371ac8efdb9082c7e
70	c14ccceb21913e3202337adb	edbd5dfbaefc833b39a15edb5942be69
71	2e71b32238c5e1e60ece68c7	5967d060d8f8669640f21fed1d932722
72	06899a5cf0af17e6e9644569	20e7561f9ec41f30688ee49e89fcf3b5
73	23758bcf5b39f2f6b960b6e2	6aea6ad97e17fd92556ce8d0074d893b
74	e2f62473952b396aaf029ac7	40b621dd0b4d9c39b716f7b3bf806e1c
75	4c4d3bdb7fc38daa4d67f195	553854fdae49b35517efcc0713b4d38d
76	4e49b7364e888eb26c8a9760	7c218afffe25b91be63c837d3c8b3c75
77	af3512f6177195095fbfc64a	483e1025b870bc71cad4d0a9c8a2644d
78	0f9fd132e572943e04152c34	6b2b3f013425eece7738e04474d32e0a
79	9962e4b15a2d16bbec2c2e9a	bfd662dfda7be90f908006cd0cfa793c
80	e7bd6fe693ea57f68a6d7988	3149b77b2562c23cec9f9eee28553148
81	16c6430158cd7cc9879959a0	c58ddb2fbe0b416ae8a53e2273ea4019
82	f1ccf3b09d1900f79b7018d0	50c00bd536f055ef80024c018758ad27
83	de3c6b11b3ec05847bde073c	a78d291399a82501fd47dde64e71a0c0
84	8649275ec565ef22ea2d31be	cec3ca99f63e5560193e20063ec53770
85	2252c0bfe43995d32b000c47	f84c482ad177b6f40fe2844d96ba0cdb
86	d7877ecdd14fc8dd1b42c2bf	7fb2935701f751d5af75f0de49dce53c
87	0985b768d363fd57167960c5	ccf324f0fd338ab575bde8c8762a1642
88	096ebb58523a8472f1ee5256	c51aba4414ffde1d0c79171f7c8eb9bd
89	972c6d9b6ddae2d3ef377a27	4980108bd37f7f785bfa1762d7a3c548
90	afc2ead2bb46821077a97c7f	f3bca724849b8b9faa194aedd296e24c
91	314c19afa7d5777c390cc58b	cba97d0d763b23646a5b00637cccb77c
92	fac09d8597d1e34db6836374	2cb6a186def6a6c8a54638b549b032c8
93	fe5af174f94c9db0466ef550	8b1b05a2fcf29490e53b85758a62313b
94	575f901414b0f0786f4af439	eda17e625ba62b6ced7a7e295a244066
95	5d4f7d9dbdff2d61b8dad0a3	8d76c4deebfeaca11d3c22bcbd2da515
96	0cdd362ea46f14b8a70d3918	eeee1f5ea07b5325a16a3bd50c327fda
97	65ff131b895f1906fcb60e50	7d09ca1e5f22cb697a1604cbf8690371
98	19d65c453294d28654fb2ecb	d93daf7a05287a1f1eeccdf4af0f81dc
99	9aa80eb285f6a61d9e469baa	f7692d4a6a641c479cefd95e0bdec66c
100	f02f7120af8c005e7042ca58	eb506968086a320079e94b3971d9ecad
