1	438deed1a36ad69910961ada	3f865518080a49af22f226d994df9b92
2	2fe4093da3ccbfea9ec1dc2e	9cfbcebc4a1117fd4ecbc5b980944a7b
3	98ee86cfece117217bbd82e9	68652a55001ab0a63fcad5b0e18fa4db
4	277a75e4f1c8a78681748edc	1e29a14bf8cb953f8d53566d0fdb7752
5	30cbfc64c1c3cdaa3fe66970	f79d874c6c2ce5b57c375c423a4a1271
6	5b849c8aac4cf1af2116e7e5	a7c0eaf848769221684fc9a96cd00066
7	5cc9fa7cd467b2bb2e4c82af	36293a2f0025a405ce0a2219deda16de
8	aae69c7a83addd3ad3423238	9b1a9d9394f53f62cccf92c116a43469
9	1d78e9e56189630fde6f58ec	08e87193ff48fc0427f788665c61726c
10	fdc167f19746737e98f4e1f8	bfd6fedc766624317a68b320f271db0f
11	5c6155f2b73a67dd169694f1	4affd89e131943f46ef7c475885c70b5
12	f77f96722054f7a1e9ce7083	a36a5f9a440b01e4cf0f6ad1e20f8070
13	3dd71ae7d7380016e702eeb9	5a07eccb9c3bc51edd9a5808b033947c
14	9c3f48780a08836e69b14ba8	f8c341a1833c3ae0f46220544a26e744
15	9609edb0d5107ca167c74f6d	0961258b65ff5255b988acb26d17e3ab
16	c08744288caf9bb85152b0f1	812c13487a70c782859513b67814900c
17	9d80f421040bd5fbafd55edf	5971b4faf6a8258e4108026909f470ea
18	696d51a43a62c90e2a33ccbb	d6275cb24a78032f1102aa950e6eea0a
19	b8a3062cc599f226dbc1805f	b843a376b61cbf0db525c35a87d6016d
20	54dcc77fa467cc1443081f8f	dbce9618280f514eb5d65652dcc4df02
21	d35c2131d84f5e8ff60f11f4	47655f4dbeb4e9915b3c90339c35eecf
22	0e0feebb46f1db6cd8f4b540	933f2011d5989dc783f85b384bf9b441
23	3701874fcbbf48e80ff48e87	5cc7db88ae1ee87cfddc32baae7063cf
24	78013c3553ab17ef7d7cb715	ff48408f3fbc25da5d37a8cfe563166b
25	c8ff39fd0e1e451bf38ec0fc	7e3cf767e7e968b2e141cacf13df8f7e
26	bc853c08353db1d34031f177	138f422506345377b016daed0aade16a
27	a93f5dbdafc16cf03fab4cdb	62700a820cfd61ad5bb7e990bfd89601
28	5f8f57c9e7732d9f01c7507c	413214e66e138dbd4d4a8b2f77396d78
29	a66b076d7637306369aef3b2	a12f4e9a604adfab4cb7610f71da61c0
30	dad231a6129b5923772e2d88	f1d7845a609dfc0eafccdc42e06219a2
31	6a2d2f76e2039dd08f24c0ee	e59dca2cb47d1f2d16cd4d7636b02cf3
32	31549d0726a8d1c23619571b	a776e62eacd6477b59db9a3a1b53c71c
33	1e217b4dae70f0669cd4461b	6418a3fc53b072cf50835c8aba0bfaaf
34	1b8a0263ba170a9e7a705c68	90aea7759467899fe5d1017ddd20c873
35	c9f7c93e8c4f9ecc41b2009c	2d31bcb79e0bc788e061ee94ea2c015e
36	c3972fc033bf8cfb6900cec0	ec1d4a2f3bcb82543ff04efd8d844317
37	4e556575ac093a7a5e237e0a	dc0ac0d8f94849a7a1946d0d406b28c8
38	daa7e4fb00208ef96d73ee3d	cebbf009edb5194fe261927b2b1e5f67
39	102ddbc4f1969961367dee4e	a8cc986132dc4dfacf91829c12283048
40	4fcb7f67c42b41ebd24d0dc4	850a9edbdaed983a3d9f07a6a11c9c05
41	4ca296b7da3c101aefba6be7	c067555bd029bfb520720a1de6091f0b
42	3f0c72b11b71a9c798ba29c6	32e7e982adc3fe908d418bb8b94c2cc8
43	8ef632bcb0179d5888833ffa	47e04792ce2f58cd65f69facccb94577
44	2bba7bf80a1eb2649f8a8ce5	625df2db200637dc0651747d2b305c56
45	731fe295a9376239699d0a61	3e10e884706f4b96eafb7ec0133a43f7
46	80b1611234b50ac12cddee0a	a8d707357e4481c8fb8679e096c93fda
47	ccbe77349bffe8c2c9ee252f	88b8be53befde5c9d1749312400666b6
48	edc943575dbfdd022890db15	db71d8825f5a5a9e7156c28c52522725
49	d1f1b55d2ef53d1aaba27900	74344e8096e9bb59ca240277ecb48177
50	5a93915151b4f07526777410	f79e14f157e8c8345396b37b7f894ad6
51	57caa96bdf7383b0df869852	4c6f3c69117d0678cfda10c35fb742ea
52	3c2893201eec7754100aab3d	b4ce7e0d56796ad7aa4ad557cffb84a3
53	2b4282e76f7f425c35220e6e	be95d42348ee374125ea74345c05d9e0
54	a027f16d051f1fc0bebd45bd	52aa18df80511e817ddfc1507e0abd9a
55	8868cdb066fa0e849419b23a	c0ed53bd6b335df6297cecbd8782879a
56	0b2a54632f98708c6da13d9e	29cc8cd7c6e8b7311b8e9ab1829a659a
57	d36fd0ac53633ff6483b35ce	3f11a874788bcb8516babcb59ecba474
58	361104df1c0d047427e3d432	8948160f5e97de4001c720511481220e
59	4ae7d03056e15fa56c3fef63	df30ece3a5a8ac1c7f2d0ff472d8973d
60	33b1f489b07885744ecdceee	11da9a39b140ffc0a5e3da2214c05642
61	e2bc1f6d02dd45b2e41ff6c3	fcc6e88b6bc15df08e2ec646d86e8f63
62	12257856031c71da29daf0fe	3336d2faf886c749aca1858f1cd7a5a5
63	dd3931973ebb575c780fae5c	2e51f901922417f5ca164d1e07cd0908
64	07285db25d4a2e19199cd2b3	2ce260612aaa9e1635cfbefeb7f01061
65	ddbdac52a74bebb2994f06dc	f17213a6643f940003bbfe203e8d1583
66	9ddcda9a5ad1a74e4ef4573e	25cb2c7632b36d1773ae0b20c9967513
67	f007a215a13b07478f239831	2d845cd862630285ecc4607cd641c978
68	dacc4bff110cbaf7a1198144	08ff18d3084015ab6a9bc99db2b76600
69	6e58cb7aaa6b7a7a2ad5bc62	95bb3ea391402bc33af062112509a1ca
70	904076c4b8d8ee6c32f54201	072a959d1f1b4a2f8e95d41196acd754
71	c50457637068f96ed8c83493	e7c52e446eb4f0032c0611804e27e210
72	9c9e1c8eca6259cb65acaff0	fbb681e3ef40901b605dc886c685491a
73	b49fea62f03431d58e7735a9	c3123e9b891e06d83dfaaf95f06555d7
74	c54ca425e6082d0cd1fc6f18	c86f720e26b9aef2c3947da02ea9d8ba
75	9a446c94599f1d9ccde54304	b37ba6e97d869fda86bb18ab36e75e00
76	f5139cb65bd8f7e4861ace0d	f2d15facf6cccf6a2bdbf1066a5abd0e
77	df4ffc7741d19e99db9d4db1	63752ef49d2179464438b648a39f34ee
78	5895a8e08968fc57b46a7e73	fecfd088e8c20dc31f274e3ad17631d5
79	40366f4ab71dfeb46cd6a174	ff52c77d4e2268d232cb6f71e4d28c92
80	cc2f93ac0276a6aa7c80c9cd	26891318d727d8e44786a3c6965eafdc
81	b5d5f960a562c36ca6d06239	4e82ac4e71bd3dcd03878ab1140cb573
82	4da2d77924d991333a55a591	02b3f79cecf6ece466ce84ebe49b389f
83	f4f876e9aaaf41fb8df14fec	7bbb0625893b5174ce96bbd754f6333d
84	07dc28aac66b15c177793925	8419d5a478fc4bed128e155d0ed598b5
85	2ab52b71c36b9f4bff0778b3	9bb461b1b3a0b89d1a47748877e43a73
86	3aef90227ee8cb3e821e1e11	119dc84e9daac250a9286c32ac8c996e
87	8aed9fe302b6483c59114db4	a20185ed45df40d78cacaa4178d70628
88	e58ca4e1956b6a45e965e283	92bf6b36b6e9ccd208e20b345bb13f67
89	b050b2779b6b57860f89cc6c	457c9afd48198ba64fb1c63c42189ec7
90	c38c580ce7d327845cd75e77	a1682e87cc88f3668a1dad6de9131f2a
91	9ffcfa704e492ba5da2a4dc7	d635ac838343f13f7287523c75c9e859
92	524f6e44619f6fa45d4afdb4	3c0f9f6fa13c11fb24efb01702df52f1
93	1663d027828ce36dcacd54d5	7de6e18dad4eae25b96e16cb4969edc1
94	809a8914472ac22a74f299e2	d195418f94696785a028787b776691ca
95	0d582a4758e5b271c289093e	4deeda2df0076357ac801e00765f578a
96	e6d79e2fc2c81bb6b3574a0b	3810a3c2667d6dcea0426e585433e4dd
97	3da2e4332f310307364a3017	c6588e63e9c40008e026d17e509b41fc
98	2de46e96983ac56ce5954bc3	2bbc7c1cf29333141db3b1e6b4b96ffe
99	3fc5c7b2d8252524349f0fe5	0f55303ed034515a053c245a563fecb2
100	d56d6983467d9abf120160e9	4a21f4d9e050f887d77855c213ec3311
