seed	result	minutes	errors	batch	job	artifacts
1	win	26.2		438deed1a36ad69910961ada	3f865518080a49af22f226d994df9b92	/home/ubuntu/brennus/sweeps/2026-09-05-e02d97b/artifacts/s1
2	loss	35.0		2fe4093da3ccbfea9ec1dc2e	9cfbcebc4a1117fd4ecbc5b980944a7b	/home/ubuntu/brennus/sweeps/2026-09-05-e02d97b/artifacts/s2
3	timeout	45.0		98ee86cfece117217bbd82e9	68652a55001ab0a63fcad5b0e18fa4db	/home/ubuntu/brennus/sweeps/2026-09-05-e02d97b/artifacts/s3
4	timeout	45.0		277a75e4f1c8a78681748edc	1e29a14bf8cb953f8d53566d0fdb7752	/home/ubuntu/brennus/sweeps/2026-09-05-e02d97b/artifacts/s4
5	win	32.4		30cbfc64c1c3cdaa3fe66970	f79d874c6c2ce5b57c375c423a4a1271	/home/ubuntu/brennus/sweeps/2026-09-05-e02d97b/artifacts/s5
6	timeout	45.0		5b849c8aac4cf1af2116e7e5	a7c0eaf848769221684fc9a96cd00066	/home/ubuntu/brennus/sweeps/2026-09-05-e02d97b/artifacts/s6
7	timeout	45.0		5cc9fa7cd467b2bb2e4c82af	36293a2f0025a405ce0a2219deda16de	/home/ubuntu/brennus/sweeps/2026-09-05-e02d97b/artifacts/s7
8	win	38.1		aae69c7a83addd3ad3423238	9b1a9d9394f53f62cccf92c116a43469	/home/ubuntu/brennus/sweeps/2026-09-05-e02d97b/artifacts/s8
9	timeout	45.0		1d78e9e56189630fde6f58ec	08e87193ff48fc0427f788665c61726c	/home/ubuntu/brennus/sweeps/2026-09-05-e02d97b/artifacts/s9
10	win	23.1		fdc167f19746737e98f4e1f8	bfd6fedc766624317a68b320f271db0f	/home/ubuntu/brennus/sweeps/2026-09-05-e02d97b/artifacts/s10
11	timeout	45.0		5c6155f2b73a67dd169694f1	4affd89e131943f46ef7c475885c70b5	/home/ubuntu/brennus/sweeps/2026-09-05-e02d97b/artifacts/s11
12	win	42.6		f77f96722054f7a1e9ce7083	a36a5f9a440b01e4cf0f6ad1e20f8070	/home/ubuntu/brennus/sweeps/2026-09-05-e02d97b/artifacts/s12
13	win	22.7		3dd71ae7d7380016e702eeb9	5a07eccb9c3bc51edd9a5808b033947c	/home/ubuntu/brennus/sweeps/2026-09-05-e02d97b/artifacts/s13
14	win	26.4		9c3f48780a08836e69b14ba8	f8c341a1833c3ae0f46220544a26e744	/home/ubuntu/brennus/sweeps/2026-09-05-e02d97b/artifacts/s14
15	timeout	45.0		9609edb0d5107ca167c74f6d	0961258b65ff5255b988acb26d17e3ab	/home/ubuntu/brennus/sweeps/2026-09-05-e02d97b/artifacts/s15
16	win	34.5		c08744288caf9bb85152b0f1	812c13487a70c782859513b67814900c	/home/ubuntu/brennus/sweeps/2026-09-05-e02d97b/artifacts/s16
17	timeout	45.0		9d80f421040bd5fbafd55edf	5971b4faf6a8258e4108026909f470ea	/home/ubuntu/brennus/sweeps/2026-09-05-e02d97b/artifacts/s17
18	timeout	45.0		696d51a43a62c90e2a33ccbb	d6275cb24a78032f1102aa950e6eea0a	/home/ubuntu/brennus/sweeps/2026-09-05-e02d97b/artifacts/s18
19	timeout	45.0		b8a3062cc599f226dbc1805f	b843a376b61cbf0db525c35a87d6016d	/home/ubuntu/brennus/sweeps/2026-09-05-e02d97b/artifacts/s19
20	timeout	45.0		54dcc77fa467cc1443081f8f	dbce9618280f514eb5d65652dcc4df02	/home/ubuntu/brennus/sweeps/2026-09-05-e02d97b/artifacts/s20
21	loss	29.2		d35c2131d84f5e8ff60f11f4	47655f4dbeb4e9915b3c90339c35eecf	/home/ubuntu/brennus/sweeps/2026-09-05-e02d97b/artifacts/s21
22	timeout	45.0		0e0feebb46f1db6cd8f4b540	933f2011d5989dc783f85b384bf9b441	/home/ubuntu/brennus/sweeps/2026-09-05-e02d97b/artifacts/s22
23	timeout	45.0		3701874fcbbf48e80ff48e87	5cc7db88ae1ee87cfddc32baae7063cf	/home/ubuntu/brennus/sweeps/2026-09-05-e02d97b/artifacts/s23
24	win	23.9		78013c3553ab17ef7d7cb715	ff48408f3fbc25da5d37a8cfe563166b	/home/ubuntu/brennus/sweeps/2026-09-05-e02d97b/artifacts/s24
25	win	31.7		c8ff39fd0e1e451bf38ec0fc	7e3cf767e7e968b2e141cacf13df8f7e	/home/ubuntu/brennus/sweeps/2026-09-05-e02d97b/artifacts/s25
26	win	23.9		bc853c08353db1d34031f177	138f422506345377b016daed0aade16a	/home/ubuntu/brennus/sweeps/2026-09-05-e02d97b/artifacts/s26
27	timeout	45.0		a93f5dbdafc16cf03fab4cdb	62700a820cfd61ad5bb7e990bfd89601	/home/ubuntu/brennus/sweeps/2026-09-05-e02d97b/artifacts/s27
28	timeout	45.0		5f8f57c9e7732d9f01c7507c	413214e66e138dbd4d4a8b2f77396d78	/home/ubuntu/brennus/sweeps/2026-09-05-e02d97b/artifacts/s28
29	win	41.1		a66b076d7637306369aef3b2	a12f4e9a604adfab4cb7610f71da61c0	/home/ubuntu/brennus/sweeps/2026-09-05-e02d97b/artifacts/s29
30	win	31.4		dad231a6129b5923772e2d88	f1d7845a609dfc0eafccdc42e06219a2	/home/ubuntu/brennus/sweeps/2026-09-05-e02d97b/artifacts/s30
31	timeout	45.0		6a2d2f76e2039dd08f24c0ee	e59dca2cb47d1f2d16cd4d7636b02cf3	/home/ubuntu/brennus/sweeps/2026-09-05-e02d97b/artifacts/s31
32	win	32.0		31549d0726a8d1c23619571b	a776e62eacd6477b59db9a3a1b53c71c	/home/ubuntu/brennus/sweeps/2026-09-05-e02d97b/artifacts/s32
33	timeout	45.0		1e217b4dae70f0669cd4461b	6418a3fc53b072cf50835c8aba0bfaaf	/home/ubuntu/brennus/sweeps/2026-09-05-e02d97b/artifacts/s33
34	win	33.2		1b8a0263ba170a9e7a705c68	90aea7759467899fe5d1017ddd20c873	/home/ubuntu/brennus/sweeps/2026-09-05-e02d97b/artifacts/s34
35	win	27.4		c9f7c93e8c4f9ecc41b2009c	2d31bcb79e0bc788e061ee94ea2c015e	/home/ubuntu/brennus/sweeps/2026-09-05-e02d97b/artifacts/s35
36	win	36.2		c3972fc033bf8cfb6900cec0	ec1d4a2f3bcb82543ff04efd8d844317	/home/ubuntu/brennus/sweeps/2026-09-05-e02d97b/artifacts/s36
37	timeout	45.0		4e556575ac093a7a5e237e0a	dc0ac0d8f94849a7a1946d0d406b28c8	/home/ubuntu/brennus/sweeps/2026-09-05-e02d97b/artifacts/s37
38	timeout	45.0		daa7e4fb00208ef96d73ee3d	cebbf009edb5194fe261927b2b1e5f67	/home/ubuntu/brennus/sweeps/2026-09-05-e02d97b/artifacts/s38
39	win	31.1		102ddbc4f1969961367dee4e	a8cc986132dc4dfacf91829c12283048	/home/ubuntu/brennus/sweeps/2026-09-05-e02d97b/artifacts/s39
40	win	33.0		4fcb7f67c42b41ebd24d0dc4	850a9edbdaed983a3d9f07a6a11c9c05	/home/ubuntu/brennus/sweeps/2026-09-05-e02d97b/artifacts/s40
41	win	34.3		4ca296b7da3c101aefba6be7	c067555bd029bfb520720a1de6091f0b	/home/ubuntu/brennus/sweeps/2026-09-05-e02d97b/artifacts/s41
42	timeout	45.0		3f0c72b11b71a9c798ba29c6	32e7e982adc3fe908d418bb8b94c2cc8	/home/ubuntu/brennus/sweeps/2026-09-05-e02d97b/artifacts/s42
43	win	27.9		8ef632bcb0179d5888833ffa	47e04792ce2f58cd65f69facccb94577	/home/ubuntu/brennus/sweeps/2026-09-05-e02d97b/artifacts/s43
44	win	26.9		2bba7bf80a1eb2649f8a8ce5	625df2db200637dc0651747d2b305c56	/home/ubuntu/brennus/sweeps/2026-09-05-e02d97b/artifacts/s44
45	timeout	45.0		731fe295a9376239699d0a61	3e10e884706f4b96eafb7ec0133a43f7	/home/ubuntu/brennus/sweeps/2026-09-05-e02d97b/artifacts/s45
46	win	28.3		80b1611234b50ac12cddee0a	a8d707357e4481c8fb8679e096c93fda	/home/ubuntu/brennus/sweeps/2026-09-05-e02d97b/artifacts/s46
47	timeout	45.0		ccbe77349bffe8c2c9ee252f	88b8be53befde5c9d1749312400666b6	/home/ubuntu/brennus/sweeps/2026-09-05-e02d97b/artifacts/s47
48	win	32.4		edc943575dbfdd022890db15	db71d8825f5a5a9e7156c28c52522725	/home/ubuntu/brennus/sweeps/2026-09-05-e02d97b/artifacts/s48
49	win	24.7		d1f1b55d2ef53d1aaba27900	74344e8096e9bb59ca240277ecb48177	/home/ubuntu/brennus/sweeps/2026-09-05-e02d97b/artifacts/s49
50	win	31.0		5a93915151b4f07526777410	f79e14f157e8c8345396b37b7f894ad6	/home/ubuntu/brennus/sweeps/2026-09-05-e02d97b/artifacts/s50
51	win	32.0		57caa96bdf7383b0df869852	4c6f3c69117d0678cfda10c35fb742ea	/home/ubuntu/brennus/sweeps/2026-09-05-e02d97b/artifacts/s51
52	timeout	45.0		3c2893201eec7754100aab3d	b4ce7e0d56796ad7aa4ad557cffb84a3	/home/ubuntu/brennus/sweeps/2026-09-05-e02d97b/artifacts/s52
53	timeout	45.0		2b4282e76f7f425c35220e6e	be95d42348ee374125ea74345c05d9e0	/home/ubuntu/brennus/sweeps/2026-09-05-e02d97b/artifacts/s53
54	win	25.6		a027f16d051f1fc0bebd45bd	52aa18df80511e817ddfc1507e0abd9a	/home/ubuntu/brennus/sweeps/2026-09-05-e02d97b/artifacts/s54
55	loss	35.7		8868cdb066fa0e849419b23a	c0ed53bd6b335df6297cecbd8782879a	/home/ubuntu/brennus/sweeps/2026-09-05-e02d97b/artifacts/s55
56	win	26.2		0b2a54632f98708c6da13d9e	29cc8cd7c6e8b7311b8e9ab1829a659a	/home/ubuntu/brennus/sweeps/2026-09-05-e02d97b/artifacts/s56
57	timeout	45.0		d36fd0ac53633ff6483b35ce	3f11a874788bcb8516babcb59ecba474	/home/ubuntu/brennus/sweeps/2026-09-05-e02d97b/artifacts/s57
58	timeout	45.0		361104df1c0d047427e3d432	8948160f5e97de4001c720511481220e	/home/ubuntu/brennus/sweeps/2026-09-05-e02d97b/artifacts/s58
59	win	31.8		4ae7d03056e15fa56c3fef63	df30ece3a5a8ac1c7f2d0ff472d8973d	/home/ubuntu/brennus/sweeps/2026-09-05-e02d97b/artifacts/s59
60	win	29.9		33b1f489b07885744ecdceee	11da9a39b140ffc0a5e3da2214c05642	/home/ubuntu/brennus/sweeps/2026-09-05-e02d97b/artifacts/s60
61	timeout	45.0		e2bc1f6d02dd45b2e41ff6c3	fcc6e88b6bc15df08e2ec646d86e8f63	/home/ubuntu/brennus/sweeps/2026-09-05-e02d97b/artifacts/s61
62	loss	34.4		12257856031c71da29daf0fe	3336d2faf886c749aca1858f1cd7a5a5	/home/ubuntu/brennus/sweeps/2026-09-05-e02d97b/artifacts/s62
63	loss	34.0		dd3931973ebb575c780fae5c	2e51f901922417f5ca164d1e07cd0908	/home/ubuntu/brennus/sweeps/2026-09-05-e02d97b/artifacts/s63
64	win	37.6		07285db25d4a2e19199cd2b3	2ce260612aaa9e1635cfbefeb7f01061	/home/ubuntu/brennus/sweeps/2026-09-05-e02d97b/artifacts/s64
65	win	37.6		ddbdac52a74bebb2994f06dc	f17213a6643f940003bbfe203e8d1583	/home/ubuntu/brennus/sweeps/2026-09-05-e02d97b/artifacts/s65
66	win	39.5		9ddcda9a5ad1a74e4ef4573e	25cb2c7632b36d1773ae0b20c9967513	/home/ubuntu/brennus/sweeps/2026-09-05-e02d97b/artifacts/s66
67	win	22.5		f007a215a13b07478f239831	2d845cd862630285ecc4607cd641c978	/home/ubuntu/brennus/sweeps/2026-09-05-e02d97b/artifacts/s67
68	timeout	45.0		dacc4bff110cbaf7a1198144	08ff18d3084015ab6a9bc99db2b76600	/home/ubuntu/brennus/sweeps/2026-09-05-e02d97b/artifacts/s68
69	timeout	45.0		6e58cb7aaa6b7a7a2ad5bc62	95bb3ea391402bc33af062112509a1ca	/home/ubuntu/brennus/sweeps/2026-09-05-e02d97b/artifacts/s69
70	timeout	45.0		904076c4b8d8ee6c32f54201	072a959d1f1b4a2f8e95d41196acd754	/home/ubuntu/brennus/sweeps/2026-09-05-e02d97b/artifacts/s70
71	win	23.8		c50457637068f96ed8c83493	e7c52e446eb4f0032c0611804e27e210	/home/ubuntu/brennus/sweeps/2026-09-05-e02d97b/artifacts/s71
72	win	39.0		9c9e1c8eca6259cb65acaff0	fbb681e3ef40901b605dc886c685491a	/home/ubuntu/brennus/sweeps/2026-09-05-e02d97b/artifacts/s72
73	loss	35.7		b49fea62f03431d58e7735a9	c3123e9b891e06d83dfaaf95f06555d7	/home/ubuntu/brennus/sweeps/2026-09-05-e02d97b/artifacts/s73
74	timeout	45.0		c54ca425e6082d0cd1fc6f18	c86f720e26b9aef2c3947da02ea9d8ba	/home/ubuntu/brennus/sweeps/2026-09-05-e02d97b/artifacts/s74
75	win	23.8		9a446c94599f1d9ccde54304	b37ba6e97d869fda86bb18ab36e75e00	/home/ubuntu/brennus/sweeps/2026-09-05-e02d97b/artifacts/s75
76	win	30.3		f5139cb65bd8f7e4861ace0d	f2d15facf6cccf6a2bdbf1066a5abd0e	/home/ubuntu/brennus/sweeps/2026-09-05-e02d97b/artifacts/s76
77	win	26.0		df4ffc7741d19e99db9d4db1	63752ef49d2179464438b648a39f34ee	/home/ubuntu/brennus/sweeps/2026-09-05-e02d97b/artifacts/s77
78	win	32.0		5895a8e08968fc57b46a7e73	fecfd088e8c20dc31f274e3ad17631d5	/home/ubuntu/brennus/sweeps/2026-09-05-e02d97b/artifacts/s78
79	timeout	45.0		40366f4ab71dfeb46cd6a174	ff52c77d4e2268d232cb6f71e4d28c92	/home/ubuntu/brennus/sweeps/2026-09-05-e02d97b/artifacts/s79
80	timeout	45.0		cc2f93ac0276a6aa7c80c9cd	26891318d727d8e44786a3c6965eafdc	/home/ubuntu/brennus/sweeps/2026-09-05-e02d97b/artifacts/s80
81	timeout	45.0		b5d5f960a562c36ca6d06239	4e82ac4e71bd3dcd03878ab1140cb573	/home/ubuntu/brennus/sweeps/2026-09-05-e02d97b/artifacts/s81
82	win	39.4		4da2d77924d991333a55a591	02b3f79cecf6ece466ce84ebe49b389f	/home/ubuntu/brennus/sweeps/2026-09-05-e02d97b/artifacts/s82
83	win	40.3		f4f876e9aaaf41fb8df14fec	7bbb0625893b5174ce96bbd754f6333d	/home/ubuntu/brennus/sweeps/2026-09-05-e02d97b/artifacts/s83
84	win	41.4		07dc28aac66b15c177793925	8419d5a478fc4bed128e155d0ed598b5	/home/ubuntu/brennus/sweeps/2026-09-05-e02d97b/artifacts/s84
85	win	31.5		2ab52b71c36b9f4bff0778b3	9bb461b1b3a0b89d1a47748877e43a73	/home/ubuntu/brennus/sweeps/2026-09-05-e02d97b/artifacts/s85
86	win	36.2		3aef90227ee8cb3e821e1e11	119dc84e9daac250a9286c32ac8c996e	/home/ubuntu/brennus/sweeps/2026-09-05-e02d97b/artifacts/s86
87	win	35.0		8aed9fe302b6483c59114db4	a20185ed45df40d78cacaa4178d70628	/home/ubuntu/brennus/sweeps/2026-09-05-e02d97b/artifacts/s87
88	timeout	45.0		e58ca4e1956b6a45e965e283	92bf6b36b6e9ccd208e20b345bb13f67	/home/ubuntu/brennus/sweeps/2026-09-05-e02d97b/artifacts/s88
89	timeout	45.0		b050b2779b6b57860f89cc6c	457c9afd48198ba64fb1c63c42189ec7	/home/ubuntu/brennus/sweeps/2026-09-05-e02d97b/artifacts/s89
90	win	27.8		c38c580ce7d327845cd75e77	a1682e87cc88f3668a1dad6de9131f2a	/home/ubuntu/brennus/sweeps/2026-09-05-e02d97b/artifacts/s90
91	win	23.2		9ffcfa704e492ba5da2a4dc7	d635ac838343f13f7287523c75c9e859	/home/ubuntu/brennus/sweeps/2026-09-05-e02d97b/artifacts/s91
92	win	31.0		524f6e44619f6fa45d4afdb4	3c0f9f6fa13c11fb24efb01702df52f1	/home/ubuntu/brennus/sweeps/2026-09-05-e02d97b/artifacts/s92
93	win	43.2		1663d027828ce36dcacd54d5	7de6e18dad4eae25b96e16cb4969edc1	/home/ubuntu/brennus/sweeps/2026-09-05-e02d97b/artifacts/s93
94	win	31.2		809a8914472ac22a74f299e2	d195418f94696785a028787b776691ca	/home/ubuntu/brennus/sweeps/2026-09-05-e02d97b/artifacts/s94
95	win	25.4		0d582a4758e5b271c289093e	4deeda2df0076357ac801e00765f578a	/home/ubuntu/brennus/sweeps/2026-09-05-e02d97b/artifacts/s95
96	timeout	45.0		e6d79e2fc2c81bb6b3574a0b	3810a3c2667d6dcea0426e585433e4dd	/home/ubuntu/brennus/sweeps/2026-09-05-e02d97b/artifacts/s96
97	win	43.7		3da2e4332f310307364a3017	c6588e63e9c40008e026d17e509b41fc	/home/ubuntu/brennus/sweeps/2026-09-05-e02d97b/artifacts/s97
98	win	33.2		2de46e96983ac56ce5954bc3	2bbc7c1cf29333141db3b1e6b4b96ffe	/home/ubuntu/brennus/sweeps/2026-09-05-e02d97b/artifacts/s98
99	timeout	45.0		3fc5c7b2d8252524349f0fe5	0f55303ed034515a053c245a563fecb2	/home/ubuntu/brennus/sweeps/2026-09-05-e02d97b/artifacts/s99
100	timeout	45.0		d56d6983467d9abf120160e9	4a21f4d9e050f887d77855c213ec3311	/home/ubuntu/brennus/sweeps/2026-09-05-e02d97b/artifacts/s100
