1	ec74d3fcf360f5bc302e16a3	86784ecb98eb0fe289dafc8843751134
2	fc62ee214c5b40d5c3f7daee	f441f77c317b23f8bdb0f3a250a1cbeb
3	1231c1e1290a52dcac2c8920	1f8497bb9c0ec157bd8028afa8d7d62d
4	a74b087ee9268cacfcfdb633	0a876e813cb8ed5a959f3bac49fa67f5
5	b91ba37c86fb051f132dfd69	4c89c3e010d24344ac7ad66dfdb29c62
6	24258ded28948fc93293fbde	d9dead57ad9bee6d096aaa0bdea291fb
7	18e21ae441e114794b7992a1	02e70bc4f682cb58792663ad6257fa13
8	0c0f7a938c39134c284ce3ff	bc6832456b040decabebbcf7376a5cf5
9	fa4942026b56561bd094b148	9d6e2c35240ac70c3bd45894fec8bbdd
10	f603d6c277189c6a11626fbd	172811d3d448d5690931bdefddb8463e
11	62adce06b60defc972637f5d	7d557a8c1f701395272da8fab2d38d88
12	2dfc3bbfa977ba3b4953053d	7da6ee679c4dd0730de1eb674e90bf2f
13	73a23f7cf9a1eda0bbf37d39	e00bcfffa5150544d0369d3d438bb4fc
14	04900eae6d29ce70a2b8c251	2d1f3f365cdde04db2115814e2e83429
15	b02772191ba7a9269874a4e3	6c623b4d639935a69cd4bb2ac20307e2
16	93a6e0e19f2318f00aca7ae4	62a2aabd51d64e00a3befb048666c418
17	f6b8dc66955d7ae248728c8d	b0ab1604168bc2313278fbc3cdae0004
18	215e5efc79cdb74c3864e7a7	9f3192a17fdeb88d7f74afe69b267b0c
19	dda4c1706741606b8a4ed7ee	e4c951ff55d025ba62f107c001a31f45
20	cab22952cc59bf7b852e38af	f9d073abd638f56a40f12aeefd31b1d7
21	835fe487de3def2e5d9b18e8	f7ba46c81fd782dac89ad3291584b5b4
22	6de16bad30dda24fe401947d	f0d291888883cc5576ffa2cf4878b48e
23	de9c3fe9b58b041be49f940c	3d1f54a63adf2f9db7027f45b0cfe677
24	5c9ef41450e754bfac711ec7	2dbf03665502cbc5e0a8c6b0eed0b5c2
25	36a7eeb1919f6ac2ca30c9a2	12da3f68c41656634bfd507ed0f3583f
26	cb47e6bf62615eb0b282446d	9df1e724ef39325e4b44487cc651fc0c
27	b98ab373cf37919454667328	d18ed48fb5836bbd71de30a26ee96496
28	787a35f00f7542db75c5147c	f5e83e869725f474c6ead49070048524
29	ef43898b4e7aef0ff3908a06	e5cecc7ec2a6e11aaf80b177945763a4
30	75e40dd9564d1065ab69064d	2abe06f37b978c6f8bfdd2c30754e9e0
31	1d2f43f131f0a29b67c0f4e5	9d73c39fc6356e9819e0930f5f11859f
32	7b6b571d4c91ba3469b92d92	fcba0f49c10fc7054ac5f3ee50d78c21
33	cabd4059dfcf21c09004fb5c	a36f0cd96bd9bf4664eb3872ee755c26
34	1bfed094af4a4de793d90e85	b97c7da85d6ebd0fb007c1db4089c55d
35	e50a93859c49b627e17edb65	6677c0a3d1d502bf9c85825cee6c3f1e
36	4e957c5e2cbe9fc206d87fde	cbe4445da6bd7c7dcc9c8136ec725d89
37	1513b20c2829096ed52d3a33	46e2632bf68326743e0ce066f4788d68
38	00522325d5fdd12bc9018376	211fe572682fae02b5dd70255b6fc456
39	390f3fd2210eab5f1b4e48ba	9db45d65cd68729190312c39a6116639
40	f17ee1ea88f568ad8c96dc37	1560de173c7a7edb0d5841ad2edc40b2
41	fdd3cfb4dfa1d09acaef7a4d	c440cda3d1982290dc7f6c435ec31b2b
42	02e4fbaeaa448ea308cc8400	47b7fde81379476d8d304e71944c54f4
43	6ac2ae705f1ec2c3d0f31f1a	e0467980ba031b55c32ee431eb4c7654
44	de5f8edb3e50f75e337acf7b	1dfddbb429531b6fd833735040c660e5
45	802b5f24cfabf57294155fd3	5334b6721f3d60522320ac47f7a7c011
46	bd43895ab7bbc203cdbd03d2	e133e3918c7ca0fa2508da29af00e0fc
47	b9c1e6be0288e096b5568a71	51e888192ff6e7562f04ba12df6250ff
48	8c1e2fcb854a30ccf8031cfd	fc5fcb59fd5ae2806ced4de826387388
49	fb2bc2240b632b9984c3c42f	37b07b4011464c513e04f0b75a06bc28
50	81fef004ff2eb1cd038e5e5c	6a6b1483ab1ff65a00d1114021566595
51	7395e945f21cc5d60764d2fb	f8deb65283588c2d2876a7d9c09ca2e8
52	9707b675b629d9b708bd73a9	33bac5e5cff62ad0a7c769ebf9fdf068
53	f32e137e02c30eaf28a970dd	1da88e6d379282e3817d9cd8c7856fdc
54	410373798b82570ba0939d5b	4282e0d285c704347fc28829aea23ce7
55	301c4c3c52a1de280e581cf6	2448b7eb767ab23b67e406f86e05732b
56	c34d443c553e63d1290681fe	8d36c82cfab1cae51ba9919eb79014b2
57	0540874f45e50bc2c60b1654	b29702304a7abac555fadfbb9b7bb009
58	e73d190c64bd50509d8057ff	611dc8ab06d1bf9b024c824e62db44a6
59	ffd8a6061cac2c10129eeb11	5d50938c418de10dc3d6166fa15fa85c
60	dfc4cfd5cf9f670ec8d9b6d7	5b30d4994f10bbdff36e4a4552174246
61	416089b6861d335d6088e7c8	ccbbfc3fab578c99410921c8781cf912
62	426aa29ec8e53765278e233f	51751831741d39ef425bc216c0b09073
63	e3d27e941d1896fa7baebd61	6cdb147f3d8d03c20cf9d45e39f89fa2
64	248fda9ceeeb00116f3c511c	bef414fb915190078cc38f660d4ea2f7
65	0faea3e67608716fb20b9db3	d578cda1cb482c5d85ca6a57784fe567
66	8f061b73b3b4195474d8e83a	259816b05d777869698b39ebd9264f82
67	1656597f794df0bb0ea334f6	d7179545475a1154fb1fbd564d045959
68	a3efab2cd78b4e8ee312e29b	6b2aba808261143f24e3a5894573c724
69	52cbe2b639aaddec55568404	377a251988bc0fc96f608a2751fb02e0
70	2f47c2812d2f6395a62696aa	522b5d2e4008f16565af4ce34b43f72e
71	c6533e57f7f70f1313b1a9d1	054a3fbbfd546589982a24b0c8229357
72	943e67af446e985da442b901	ab781787dc39b69cccaca535c425f324
73	20539e1da84713be0174de67	866142a01d4951df2669ec7ef8d25b9a
74	38e957e024533255800938f6	9a58084f80cd4d176b6f6320d4ee104c
75	765362be4065a49310130529	28e284a511a6e067c5eb32b7f192d375
76	942bc010d3a260a06d7f2941	ddb1f5d59f788e2c0369c8bb81e6461e
77	c4653a426f5f418a58f6539a	08f9c97fc9092d95d5395c52cd3ac368
78	f5e94aa3a11a8bece9b1613e	73e1915c5be7fb31f7b190080f541357
79	bb037cee1e2ce939c735ad21	c194918227ae0bcd5bc5a93c65f92d76
80	50e9b1522e11e5e1dc5c64ff	3f7a62d71ce5750f4bb005535ac09169
81	758700ae27cbf9a39be68591	20aafcb070408183ccdbb1709c996369
82	59288d357e0ba655ae319129	9500f8e33f2f562aa6a0b110e533083f
83	b417f1e08e56818fb2ed1569	d2ddc9e94f45d3c3dec94aa4231a7cc9
84	e5a79094634e831b004a6b0c	52a36a68e59231a7889d85b1a6e34503
85	081fb5d70da0cc3569f1014e	6d365481699307ac0438d68ad7c076b7
86	28793eb17df708c962616e45	947c3d59444ce9996a66ee466eeb0959
87	23bfb3b477a4c9822e7e1ea8	76fceb7a2fb9ca92a07fb308bfbdf218
88	6aceb2cd7caad9b70f124627	0f23efa04a7b51a4309ff9b0eb7f9849
89	4c74300db44bb5e0357d030f	ffe978f59b5d2987293f4e2d1733b901
90	c617f6cb5d1b3532c0931a6d	c7c8e648cb9e91e536e1d44026b0ad96
91	ea1dd25f4c958b2c240e7216	0cd6cca0b25cd8ecc996abec60859ffb
92	519ec091bee36e9a89cef5e5	c0c4baebbc1f194de1f31a9927d70145
93	3f5d3fd4674ff7ab7401ce91	5cabe505c35abdffbb2b4d5eacc2cdfa
94	c3d86826ea8cbc3ad985dc5e	bfb4c2bc4c27908b1dfecf33f74471e7
95	0e1a3ad42679437736092533	75c41a27834f9c69b0fa1035b3821daa
96	2528f716825c3cd95edf8b5a	fc8184589b6900ec58a870558af87b74
97	03b90eb2a7109af4e98f0b5b	e7acdeffc33ef3121c5afbce5fb22693
98	b616fdf9d4d6a7d1d7508a17	2c9ee4a20d4488ff7f7dbe0bf2b4a172
99	a68becd0286b0bff92a5170a	11bfa8af66ce25fa2867f19178f24c3e
100	c1feb701b96e4dd2ac6a51f4	85e5895036007922bc27a609b980d76e
